,Titre
0,CODE PROJET QV8401 à débloquer
1,CODE PROJET RV641AP A DEBLOQUER
2,"Codes projets à débloquer SV9027, TV0032 et TV0035"
3,Codes projets TV6006 et TV6018 à debloquer au 26/04/2022
4,Codes projets RV0011 et OV0013 à débloquer
5,RE: Problèmes d'édition
6,Indisponibilité du réseau M3
7,Pas de réseau au centre
8,Réédition document
9,Accès à GLPI
10,OUVERTURE PROGRAMME M3
11,KONTROL PULSE
12,Identité OPS Modern Trade Akwa
13,MESSAGE ANOMALIE
14,PIECE DE RECETTE N° 216883
15,SAISIE ENCAISSEMENT N° 216543
16,EDITION PIECES DE RECETTES
17,configuration
18,Compte distributeur NAMASTHE ( 15322619) bloqué
19,AREV TK
20,DEMANDE SUPPRESSION LIGNES DU 19 20 21 04 2022
21,ABSENCE EDITIONS
22,RE: ANOMALIE EMPLACEMENT ECRITURES M3 (ODD EN ENCOURS )
23,Saisie des encaissements digitalisés bloquée
24,Non remontée des inventaires dans le mail
25,LENTEUR RESEAU/ABSENCE EDITIONS
26,Saisie des encaissements bloquée
27,difficulté à imprimer les documents bureautique
28,DEMANDE ANNULATION DES LIGNES BGZ500 DU 16 ET 18 04 2022 POUR SAISIE FACTURES MANUELLES MDDERN TRADE
29,WF CESSION
30,Code projet TV4039 à débloquer
31,RE: Centre de services - DSI | Ticket N° : 0247953 | Résolution de votre ticket : DEMANDE SUPPRESSION LIGNES DU 19 20 21 04 2022
32,LA CONSOLE EST STATIQUE
33,Comptes non mouvementés
34,IMPOSSIBILITE DE DEROULER UN INVENTAIRE / PROFIL TCHOUM03
35,CESSION WF 145660
36,Problèmes d'édition
37,FACTURE CLIENT BLOQUE AVEC SOLDE CREDITEUR = MONTANT FACTURE
38,CESSION WF
39,CHC50B BLOQUE POUR LE DEPOT CVL AE5
40,AJOUT TETO KAMGAING Yann Hussel DANS WF
41,IMPOSSIBILITE DE ME CONNECTER A EMIS
42,WF CESSION
43,LE BGZ200 DU 19 ET 20 04 2022 NE DONNE PAS
44,Pièce de caisse à rééditer
45,BLOCAGE SAISIE NOUVEAU PRODUIT BRA50B
46,CESSION WF
47,RE: LA CONSOLE EST STATIQUE / PAS DE TRANSFERT DES DONNEES POUR TELECOLLLECTE
48,BLOCAGE SAISIE CESSION PET POUR LIMITE CREDIT DEPASSEE
49,LE BGZ200 DU 16 04 2022 NE DONNE PAS
50,LIGNES BGZ500 du 26 et 29 04 2022 A SUPPRIMER
51,RE: PROBLEME DES ASSORTIMENTS COMPTE V1000
52,ANR HAMA GILBERT FH00066 POUR MISE A JOUR DOSSIER FISCAL
53,PROBLEME D'IMPRESSION AU MAGASIN
54,LE BGZ200 DU 19 04 2022 NE DONNE PAS
55,CODIFICATION CODES ARTICLES OPTIMAINT
56,CESSION WF
57,CODEIFICATION ARTICLES OPTIMAINT
58,Panne du réseau informatique
59,problème de traitement par Workflows des heures supplémentaires des employés en caves fermentation.
60,RE: Absence de connexion sur mon pc. de rétablir ma connexion
61,Dysfonctionnements récurrents du desk top des auditeurs qualité en production Koumassi
62,IMPRESSION IMPOSSIBLE
63,Disque local CC saturé
64,RE: RECEPTION MAÏS GRITZ DE CFC FEVRIER 2022
65,MODIFICATION PROFIL POUEMO01
66,perturbation optimaint
67,demande d'accès site https://emis.energis.cloud
68,Planification exécution Job RMS401CL
69,Activation profil SQL AS400
70,Horaire affichage sur les écrans de réservation de salle de réunion
71,Impossible de joindre le serveur VPN
72,Impossible de joindre le serveur VPN
73,Serveur VPN pas joignable
74,Virement remises clients rejetés
75,rupture de contrat de M. EBOUMBOU
76,Problème outlook ma collaboratrice Mme WANGUE Julienne (WANGUE01)
77,panne téléphone fixe du bureau
78,Arrêt machine de ma collaboratrice Mme WANGUE Chef de Section Administration
79,panne téléphone de bureau
80,MS Scénario R1 2022 et réel fin mars
81,dossier partagé
82,outlook
83,one drive
84,Incohérence du nom du bénéficiaire sur spécifications de règlement-STE NART
85,RE: imprimante inactive
86,Imprimante
87,PROBLEME D'ACCES E-LIONS
88,DROITS D'ACCES DANS MICROSOFT PLANNER
89,RE: IMPOSSIBLE DE MAJ LES DIMENSIONS BPC
90,PROBLEME DE SCAN SUR LA MACHINE SE TROUVANT AU NIVEAU DES RH
91,Incident sur ma surface pro SBTAB20322
92,CREATION CHAINE DE VALIDATION OA/OP
93,CODES PROJETS A BLOQUER
94,Activation de la licence OFFICE sur le post le CMRLPT19036
95,FICHE 652_1 A PASSER AU STATUT 9
96,ECART D'INVENTAIRE TRIMESTRE 1
97,EXTRACTION PLAN D'AMORTISSEMENTS EMBALLAGES
98,DEMANDE AUTORISATION SORTIE MANUELLE CAMION ZALI LT 2291 SR
99,RE: Non remontée données production
100,RE: Non remontée données production
101,Connexion Office impossible
102,RE: Message from ''yaoucfao116''
103,RE: GESTION DES IDENTITES
104,Reconduction flotte 699 85 27 20
105,Basculement user NZIE Martin dans l'entité Centre de GLPI
106,Reconduction flotte 699 66 31 76
107,Reconduction flotte 698 98 71 11
108,Reconduction flotte 699 85 27 20
109,Profil BAKEHE Emmanuelle
110,CABLAGE
111,Re: DJEUKOUAN
112,MESSAGE D'ERREUR
113,Saisie des ODM (SEP)
114,WORKFLOW ODM
115,DOCUBASE EXPORT
116,TR: BLOQUAGE SAISIE ACOMPTE QUINZAINE
117,Difficultés à ouvrir et à faire des impressions à partir de Optimaint
118,Difficultés à ouvrir l'application OPTIMAINT
119,Parametrage
120,Correction de ma signature
121,Absence réseau
122,Création DI
123,PROBLEME TRANSFERT 227 VIP12B ET 07 VIP24B AU DEPOT 004 KOUMASSI
124,INSERSION DES EMBALLAGES VIP12B DANS MON STOCK M3
125,Problème accès Validation OA dans Infor
126,REQUETE CONSOMMATION
127,Etats Qlikview pas à jour
128,Balibo102/rapport dgac/new-eleader
129,RE: Groupe GPZ (AOD)
130,Pas d'assortissent BFT50B-COK10P
131,Rappel : PAS D'ASSORTIMENT ASSOCIE AU CLIENT AU 028T0013 : Produitt BFT50B: produit à nouveau bloqué
132,DEMANDE DE RATTACHEMENT TOURNEES MULTIPLES - 15 04 2021.xlsx
133,Etats Qlikview pas à jour
134,RE: VALIDATEURS COMTE CESSION L0011 DANS XLO35P
135,Connection à internet sur mon laptop
136,impossibilité de travailler depuis mon poste
137,impossibilité d'ouvrir omptimain depuis quelques jours déja
138,RE: FACTURATION CASSES TRANSPORTEURS IMPOSSIBLE A CE NOUVEAU PRODUIT(BRA50B)
139,Validation Workflow Absence
140,Mise à jour Rapport QLIKVIEW PHN/DLUO E-Leader.
141,impossibilité d'accéder sur INFOR et MY PERFORMANCE
142,NON REMONTEE DE MESSAGERIE
143,RE: RECEPTION BORDEREAU SEMC
144,IMPRIMANTE HORS CONNEXION
145,FICHIERS A COPIER SUR LE SERVEUR
146,FICHIER A COPIER SUR LE SERVEUR
147,FICHIER A COPIER SUR LE SERVEUR
148,FICHIER A COPIER SUR LE SERVEUR
149,FICHIER A COPIER SUR LE SERVEUR
150,FICHIERS A COPIER SUR LE SERVEUR
151,FICHIERS INTERFACE PAIE A COPIER SUR LE SERVEUR
152,FICHIER A COPIER SUR LE SERVEUR
153,FICHIER A COPIER SUR LE SERVEUR VERSION2
154,FICHIERS INTERFACE PAIE A COPIER SUR LE SERVEUR
155,FICHIER A COPIER SUR LE SERVEUR
156,FICHIER A COPIER SUR LE SER VEUR
157,FICHIER A COPIER SUR LE SERVEUR
158,Besoin d'assistance
159,Pas d accès à Inform
160,Pas d accès à Outlook
161,ARS110 (POUR LE TRANSFERT D'AVARIES) NE S'OUVRE PAS
162,PROPOSITION AU STATUT 2 A RAMENER AU STATUT 1
163,AVARIES EN ANOMALIES
164,VIREMENT EN ANOMALIES N° 800008571 NE FAIT PAS APPARAITRE TOUS LES FOURNISSEURS DANS LE WORK FLOW REGLEMENTS FACTURES DANS SOCAVER
165,PROBLEME DES ASSORTIMENTS COMPTE S1150 (PRODUITS RECONDITIONNES)
166,Imprimante
167,signature
168,One Drive
169,outlook
170,CONNEXION
171,CONNEXION
172,LIBRATION
173,CONNEXION
174,CONNEXION
175,CONNEXION
176,Blocus
177,SprayScan
178,CONNEXION
179,CONNEXION
180,Idem
181,LIBRATION
182,DP 25601 URGENTE
183,Besoin rattachement articles 058-00386 006-03044 500-45303 dans le dépôt 270
184,Répartition Emballages Neufs
185,DEVIS SABC
186,Ticket
187,Ticket
188,CODIFICATION
189,DEMANDE DE CODIFICATION
190,Articles sans PMP_20220429
191,DEMANDE DE CONNEXION
192,DEMANDE DE CODIFICATION POUR RESISTANCES PRECHAUFFAGE SECHEURS CO2
193,Codification
194,DEMANDE CREATION CODE ARTICLE
195,Article à créer (revenus secondaires)
196,DEMANDE DE CODIFICATION
197,CONNEXION ARTICLES DEPOT 803
198,TICKET
199,DEMANDE DE PRIX URGENTE
200,CODIFICATION PR'S COMPTAGE VAPEUR
201,DDE codification PR Pompe MOUVEX
202,Article ''88900136''
203,Connexion article dans depot 803 dans M3
204,POUR RATTACHEMENT AU 052
205,DEMANDE DE CODIFICATION EN MASSE PR_220422
206,CODIFICATION PR
207,SUIVI COMMANDE DES HUILES
208,DEMANDE DE CODIFICATION PR
209,FACTURE N° SACO22FC01804 - SACO21-10968
210,Demande de codification TUBES
211,Mise à jour PMP Bouchons
212,Maîtrise des causes des écarts de stock OPT-M3:articles OptiMaint présents dans M3 en statut 10 au statut 20
213,CODIFICATION MANOMETRE
214,Eléments pour création des numéros de série des moules BN 50 et BN 65 FT
215,Articles sans PMP_20220405
216,Codification
217,DEMANDE DE CODIFICATION CONTACTEUR SIEMENS 3RT1044-1AL24 230 V
218,Paramétrage article au 008
219,DEMANDE DE CODIFICATION
220,DEMANDE CREATION CODE ARTICLE BOITE TOP
221,DEMANDE DE CODIFICATION PR
222,Visuels BG 35 cl papier pour production à l'Ouest (DEMANDE CREATION CODE ARTICLE)
223,DEMANDE DE CODIFICATION PR FAB ET ELECT
224,DEMANDE DE CODIF
225,CODIFICATION PR SOUTIREUSE FUT BIERE PRESSION
226,LISTE DE PIECES C18 JAZ01920 DEMANDE DE CODIFICATION ARTICLES CAT POUR REVISION 10000 HEURES GROUPE 1000 KVA
227,Article sans emplacement
228,DEMANDE DE CODIFICATION STATION NALCO
229,"Connexion code article, dépôt 151"
230,CONNEXION CODES ARTCLES AU DEPÔT 803
231,Problème de déversement article Optimaint
232,CREATION EMPLACEMENT
233,PARAMETRAGE CONTRAT PRIX NEPTUNE OIL SOCAVER
234,Création et connexion code article
235,Blocus dans le dépôt 006
236,DP No.25048 // OFFRE SACO22DP02704 pour THERMOMETRE ETALON
237,Demande de codification joint pour filtre della toffola
238,POUR RATTACHEMENT AU 052
239,PARAMETRAGE
240,Codification
241,Codification en masse_250422
242,Création CPS
243,CODIFICATION PRs GE CATERPILLAR 1000 KVA
244,CODIFICATION PRs POMPE A HUILE MYCOM
245,DEMANDE DE CODIFICATION CONDENSEUR EVAPORATIF GROUPE FROID AXIMA 4
246,CREATION ARTICLE DANS LE DEPOT 100
247,VRMA30 DANS LE DEPOT 165
248,Imprimante ASCOMA ( Urgent )
249,DEMANDE DE CODIFICATION PR
250,CODIFICATION PIECES HUSKY OFFRE SACO22DP03157.xlsx
251,PARAMETRAGE PRIX FILM NEUTRE AU CONTRAT
252,DEMANDE DE CONNEXION AU DEPOT 803
253,DEMANDE DE CODIFICATION
254,DEMANDE DE CODIF
255,Articles sans PMP_20220406
256,OA 3290426 // - HOUSSE DE 160µ LARGE BLEU THERMORETRACTABLE - HOUSSE DE 100µ LARGE TRANSLUCIDE CLAIRETHERMORETRACTABLE
257,BESOIN RATTACHEMENT CODE 012-04489 AU DEPOT 803
258,CODIFICATION PR'S FLASH PASTO
259,DEMANDE DE CODIFICATION SCALANCE X112.xlsx
260,Connexion dans le dépôt 006
261,Connexion article dans depot 803 dans M3
262,PARAMETRAGE ARTICLE DANS LE DEPOT 001
263,CODIFICATION
264,ACTIVATION
265,adobesign
266,LIGNES DA 3140845 NON REMONTEES DANS LE PPS170
267,LIGNES DA 3140097 non remontées dans le PPS170
268,LIGNES DA 3140223 NON REMONTEES DANS LE PPS170
269,IMPOSSIBLE DE SE CONNECTE A OPTIMAINT
270,lignes DA 3140980 non remontée dans les OA 3296540 &amp; 3296541
271,Formulaire Création Article Optimaint.xlsx
272,connexion articles aux dépôts 803 &amp; 270
273,connexions articles dans les dépôts 803 &amp; 270
274,CONNXION ARTICLES DANS LE DEPOT 312
275,Paramétrage erroné du Work flow
276,Pas d'accès aux KPI via E-lions
277,REQUETTE (IMPOSSIBLE DE VISUALISER MON BULLETIN DE PAIE DANS GED) RELANCE
278,impression Excel impossible
279,Défaut d'accès au réseau internet et à Adobe sign
280,Mise à jour horaire CMRUCT19204
281,Perturbation de infor
282,Lenteur e leader
283,EXTRACTION BORDERAUX DE VENTES SOCAVER
284,EXTRACTION BORDERAUX DE VENTES SOCAVER
285,DEMARRAGE POSTE DE TRAVAIL
286,FOM_Ordre_Mission2 - Stephane TANKO2022-04-08T20_50_20
287,PROBLEME IMPRESSION OFFICE 360
288,Probleme de réception INFOR
289,RE: Demande d'accès à la connexion WIFI
290,Droit de validation niveau 1 dans Optimaint
291,Rappel : Accès au dossier partagé balifich003/DRH
292,Rappel : URGENT !! Problème d'ordinateur à la Paie
293,URGENT !! Problème d'ordinateur à la Paie
294,Création matricules EOM - Recrutement Avril 2022 - Ouest
295,Création matricule Occasionnel - Recrutement Avril 2022 - Ouest
296,Problème de démarrage du PC
297,Accès au dossier partagé balifich003/DRH
298,Création matricules EOM - Recrutement Mars 2022 - Ouest
299,OUTLOOK
300,DOSSIER PARTAGE
301,IMPOSSIBILITÉ DE SAISIR LA CESSION DE BRA CANETTE 50B
302,IMPRESSION M3
303,IMPOSSIBLE DE TRAVAILLER DANS M3
304,PAS DE RETOUR DE FICHIER DANS LA CONSOLE CIBELITE
305,RE: NON REMEONTEE FACTURES
306,RE: NON REMONTEE DES FACTURES
307,PARAMETRAGE TPB35P
308,CESSION LANCEMENT WORLD COLA
309,Lenteur extrême créant des erreurs MEC au démarrage workflow
310,Dysfonctionnement du système Workflow depuis cet après-midi
311,Ecriture comptable incorrecte
312,FACTURES NUMERISEES NE REMONTENT PAS DANS LA GED
313,ANR de FA00015
314,ANR FY00002
315,TR: ANR CMIC FC00271
316,Paramétrage cartes pour ctrl d'accès CC Ndokoti - Urgent!
317,Difficulté de connexion à M3
318,Écran PC sombre_18056
319,Connexion BPC ce matin 2604
320,Difficultés édition M3
321,URGENT : PB EDITION M3
322,PB accès formulaire notre de frais
323,Difficultés édition M3
324,RE: Compte de fusion Distributeur BOUL SARL
325,MISE A JOUR UNIVERS CLIENTS COMPTES CLES
326,Dysfonctionnement Imprimante BALIUBM001
327,impossibilité de se connecter aux imprimantes
328,REQUETE UNIVERS CLIENT
329,FACTURATION MUC FEV 2022
330,FACTURES D'AVARIES TT A DEVERSER AU 31 MARS 2022
331,COMMANDE DE VENTE JANVIER 2022
332,UNIVERS CLIENT
333,RE: requête flux de vente T1 2022
334,EXPEDITION PRODUITS
335,AUTORISATION DE SORTIE
336,BATTERIE SANS AUTONOMIE LAPTOP CMRLPT18028
337,Pas d'accès à l'édition des Demandes d'Achat (D A)
338,Accès impossible à l'imprimante.
339,Besoin d'intervention à la salle de formation
340,Accès Internet aux Stagiaires de la DTI
341,RE: Accès Internet aux Stagiaires de la DTI
342,Problème d'alimentation du téléphone fix
343,Le serveur MyApps n’est pas accessible.
344,CONNECTION e-lions impossible
345,réglage horloge
346,Panne de la souris
347,Paraametrage
348,Validation Ordre de mission
349,Données TI
350,MAJ paramètres
351,Max de commande sur CAV Blanche
352,Correction à faire sur la colle dans la SP de MUT33C au P20
353,CR Point sur colle Labelfix vs Swiftak
354,MAJ nomenclatures
355,Stock CE PLF65 à reclasser
356,service M3 non disponible.
357,stt requette d'inventaire
358,statut requette.
359,Problème avec ma messagerie
360,PARAMETRAGE CMR DASSI
361,REACTIVATION PROFIL TAMEGH01
362,Annulation demande de congé N° 9358
363,Manque autonomie batterie laptop
364,ARN NEW TECHS
365,ANR BEAUX-ARTS
366,ANR ATMIF
367,ANR ENTREPRISE 3D
368,ANR ATMIF
369,ANR STE J3M
370,ANR ETS ZEBAZE
371,INCIDENT M3
372,ANR CEGELEC
373,ANR FSR LA MASCOTTE
374,DOSSIER FISCAL ARTS ET METIERS
375,RE: Problème réseau
376,lenteur Excel
377,lenteur Machine
378,Hote BALIBI101
379,BASE DE PROD
380,Rapport_TIME_Connexion_SQL
381,Hote BALIBI101
382,Activation Profil
383,Etat des couvertures de stocks
384,Synthèse des pertes de Gestion Synthèse Nationale
385,Activation Profil
386,My Energie SABC - Besoin d'assistance
387,Activation Profil
388,Receptions OA + Factures saisies J-1 dans M3
389,Acces
390,Etat
391,Extraction Excel ne fonctionne pas
392,signature
393,Imprimante
394,One drive
395,Outlook
396,docubase
397,M3
398,PB de connexion sur le serveur
399,Acess Tableaux de Bo
400,validation facture workflow impossible
401,Plantage répétitif de l''unité centrale
402,IMPRIMANTE
403,ONE DRIVE
404,outlook
405,DROITS
406,problème de numérisation
407,CHAINE DE VALIDATION INCORRECTE DANS LE WF NOTES DE FRAIS
408,Impossible de valider les autorisations d'absence
409,Problème de communication réseau intranet
410,accès office online
411,accès applications office impossible
412,NON REMONTEE DES INVENTAIRES DANS LE MAIL.
413,IMPOSSIBILITE DE SAISIR TGI10P DANS L'IMPUTATION 102T3310
414,basculement
415,REBASCULEMENT
416,MOT PASSE
417,PB IMPRIMANTE
418,Paramétrage profil Mr Toko
419,Demande création profil
420,Besoin d'assistance
421,rattachement code article.
422,RATTACHEMENT CODE
423,DEFAUT IMPRIMANTE NDOKUBM104
424,Remonté mise à jour Inventaire Emballages ( E-mail )
425,Problème de fonctionnement INFOR.
426,Client à paramétrer dans CLAIM
427,Demande de paramétrage dans CLAIM
428,Demande de paramétrage des clients dans CLAIM.
429,Demande de paramétrage des clients dans CLAIM DU 22/04/2022
430,Demande de paramétrage des clients dans CLAIM DU 22/04/2022
431,TR: Difficultés à mettre les plantes clients dans claim
432,Code bloqué
433,Code bloqué
434,Code bloqué
435,Code bloqé
436,Code bloqué
437,Code bloqué
438,Code bloqué
439,Déversement des écritures CI au 28/04/2022
440,codes bloqués
441,Code bloqué
442,Code bloqué
443,Code bloqué
444,Extraction des achats
445,Déversement des écritures CI au 11/04/2022
446,Déversement des écritures CI au 20/04/2022
447,Extraction des consommations
448,Extraction des achats
449,Correction PMP
450,Indisponibilité e-lions
451,Paramétrage WF Demande de véhicule
452,Coquille intitulé de fonction
453,WF factures Usine Bafoussam
454,Réception mails Outlook
455,TR: Rappel : en attente de votre signature de Fiche technique Formation Espaces Confinés
456,Validation M3
457,TELEPHONE DQHSE
458,incident
459,ANTIVIRUS
460,SIGNATURE
461,RE: Complément GED
462,FLACHAGE IMPOSSIBLE DES PRODUITS
463,FACTURE NON EDITEE
464,PALETTES NON TRACEES
465,FLACH DES PRODUITS
466,SOUCI DE FLACHAGE
467,prorogation date de validation
468,Workflow facture ne marche pas
469,Ordre de mission N° 14097
470,Paramétrage wokflow
471,Saisie des Kpi dans wokflow
472,Demande de rectification
473,Demande de rectification
474,OA VALIDE MAIS LA SIGNATURE N'APPARAIT PAS
475,CONTACTS TEAM DIRECTION MARKETING ACTUALISES
476,indisponibilité prélèvement
477,demande de reconduction de ma SIM
478,Demande de reconduction de ma sim bloquée
479,Fin de mission AMP MBALLA
480,pas de remontées M3 dans nos mails
481,one drive
482,M3
483,SIGNATURE
484,imprimante
485,outlook
486,accès e-lions
487,Réactivation profil M3
488,IMPOSSIBLE DE SE CONNECTER
489,MODIFICATION DU SITE
490,CODE A INTEGRER DANS DEPOT 051
491,RECEPTION BLOQUEE
492,CODE A INTEGRER
493,CODE ARTICLE A INTEGRER
494,RECEPTION BLOQUEE
495,BESOIN CONNECTION WIFI POUR LES CONSULTANTS URGENT!!!!
496,LISTE DES MEMBRES DU GROUPE DQHSE
497,les OA édités ne remontent pas dans le mail
498,Check_3 travaux de nuit 09-10/04/2022
499,Check travaux de nuit 09-10/04/2022
500,Check_3 travaux de nuit 08-09/04/2022
501,Check_3 travaux de nuit 11-12/04/2022
502,Check travaux de nuit 08-09/04/2022
503,Indisponibilité de SABCOMNI101
504,Indisponibilité de S100FTSE104
505,Saturation Disque E sur SABCMOS104
506,Indisponibilité de S100FTSE104
507,RE: Indisponibilité de plusieurs équipements réseaux informatiques à NDOKOTI
508,Indisponibilité de SABCSQDIMO101
509,Indisponibilité des deux liaisons réseaux et des équipements informatiques à BAMENDA
510,Check_3 travaux de nuit 10-11/04/2022
511,Indisponibilité de SABCSQDIMO201 et SABCDIMO601
512,Indisponibilité de plusieurs liens MPLS SABC
513,Indisponibilité des deux liaisons réseaux et des équipements informatiques à FOUMBAN
514,Indisponibilité des deux liaisons réseaux et des équipements informatiques à BAMENDA
515,Indisponibilité des liaisons MPLS SABC
516,Indisponibilité des deux liaisons réseaux et des équipements informatiques à BAFIA
517,Indisponibilité des deux liaisons réseaux et des équipements informatiques à FOUMBAN
518,Indisponibilité de plusieurs équipements réseaux informatiques à NDOKOTI
519,Indisponibilité du lien OCMS_FH_L3 de FOUMBAN
520,Indisponibilité des deux liaisons réseaux et des équipements informatiques à FOUMBAN
521,Indisponibilité des liaisons OCMS à KUMBA
522,RE: Indisponibilité de plusieurs équipements réseaux informatiques à NDOKOTI
523,Indisponibilité de la liaison MPLS à NGAOUNDERE
524,Indisponibilité de S100FTSE103
525,Indisponibilité de la liaison OCMS_FH à SA'A
526,Indisponibilité des liaisons OCMS de KUMBA
527,Indisponibilité du lien OCMS_FH de OMBE
528,Indisponibilité des deux liaisons réseaux et des équipements informatiques à FOUMBAN
529,Indisponibilité de NDOKSWIT080 et NDOKSWIT081
530,Indisponibilité des Switches NDOKSWIT080 et NDOKSWIT081
531,Indisponibilité de NKONAPPS001
532,Indisponibilité dulien MPLS de SANGMELIMA
533,Dysfonctionnement DE LA REPLICATION
534,Indisponibilité de la liaison à OMBE
535,DEMANDE DE PARAMETRAGE SUR IMPRIMANTE OLEMUBM102
536,E-LION NON ACCESSIBLE
537,RESEAU NON DISPONIBLE
538,DROITS A M3
539,RE: PAS DA'ASSORTIMENT POUR T0013
540,PAS DA'ASSORTIMENT POUR T0013
541,correction des échecs de sauvegarde X86
542,inaccessibilité de BALIFICH003
543,Indisponibilité YAOUESXI601
544,Indisponibilité de la liaison OCMS du site de SEMC
545,Indisponibilité des liens OCMS FO/FH dans les régions du NORD et l'EST
546,SABC NETWORK PERFORMANCE - WEEK 16
547,Indisponibilité du lien OCMS_FH de BAFIA
548,Indisponibilité de BALIPASS001
549,Amélioration des performances réseaux OCMS SEMAINE 16
550,Indisponibilité de la liaison MPLS de SEMC
551,Problème d'Edition >> Saturation disque E sur SABCMOS104 >> 9Mo de libre
552,Déconnexion des équipements réseaux sur le site de DSCHANG ce 08/04 à 14h00
553,Deconnexion KOUMBI001 et SOCADOMC002 depuis 12h30
554,Indisponibilité des équipements informatiques sur le site d'ESEKA
555,Indisponibilité de la liaison MPLS de SEMC ce 12/04/2022 à 23h53
556,Déconnexion du lien MPLS du site de MAROUA ce 09/04 à 10h06
557,Indisponibilité du service Internet SABC
558,Indisponibilité de SOCAESX001
559,Déconnexion du lien MPLS du site de BERTOUA ce 08/04 à 14h21
560,Déconnexion du lien OCMS FO de FOUMBAN
561,Indisponibilité de la liaison MPLS de FOUMBAN
562,Indisponibilité des équipements informatiques de MAROUA
563,Indisponibilité lecteur biométrique NDOKACS001
564,Indisponibilité lecteur biometrique BALIACS001
565,Je n'arrive pas à saisir une cession : le bouton ''nouveau'' est inopérant''
566,dysfonctionnement Outlook
567,pb de connexion au reseau WIFISABC sur mon laptop CMRLPT21069
568,OF AU STT 22
569,SOUCIS ETABLISSEMENT ORDRES DE MISSION
570,SOUCIS AVEC QUALISHARE
571,SOUCIS AVEC MON PROFIL
572,SOUCI ACCÈS QUALISHARE
573,Processus &amp; workflows
574,Chemin de fichiers inaccessible
575,Ordinateur défectueux
576,Poste de travail défectueux
577,Processus et workflows
578,Changement de Chef hiérarchique dans le workflow
579,Télechargement Document formation des formateurs Poids lourds
580,DIFFICULTE D'ACCES A MICROSOFT TEAMS
581,BASCULEMENT SUR IMPRIMANTE YAOUCFA105
582,FICHE DE GESTION DES IDENTITES..
583,non fonctionnement de ma messagerie
584,BEOSIN DE CONFIGURATION TEMPORAIRE D'UNE CONNEXION FILAIRE PC
585,Compte distributeur non crédité par les emballages .
586,RE: Compte distributeur non crédité par les emballages .
587,FICHE DE GESTION DES IDENTITES CCY1
588,SIGNATURE
589,Outlook
590,CREATION DU FILM IMPOSSIBLE
591,FACTURE PROFORMA SABC (AMMONIAC)
592,Correspondance ADD : augmentation CWE
593,Besoin ANR pour mise à jour
594,RIB COMMERCIAL ONE
595,Date de prorogation codes projets
596,TV2012
597,CODE PROJET A DEBLOQUER
598,code projet
599,CODE PROJET A DEBLOQUER
600,MODE DE PAIEMENT DISTRIBUTEURS T1 2022
601,Prorogation date de validité code projet
602,Date de prorogation code projet
603,Code bloqué
604,DATE DE PROROGATION PROJET
605,Date de prorogation code projet
606,CHANGEMENT DE RIB : EA00023 (AGILLY SARL)
607,DATE DE PROROGATION CODES PROJETS
608,DOSSIER FILSCAL IRREGULIER
609,Pertes de changes à reclasser
610,DLUO PROCHE REGION AU 17/04/2022: au travail la réflexion doit toujours précéder l'action.../ANNULE ET REMPLACE (CC Ndokoti).
611,DEMANDE ANR
612,ID ABSENTE
613,DEMANDE CREATION DES COMPTES DE ELOGO ROMUAL
614,CWE DU 13/04/22
615,Fournisseur ASTON SATELLITE - CANAL SAT
616,"Bjr, compte du fournisseur bloqué"
617,Non redevance SALEKA 27-04-2022 - SALEKA- FS00093
618,PAS D'ASSORTIMENT ( COMPTE 059T2240 )
619,PARAMETRAGE NOUVEAUX PRIX HYDROCARBURE DANS M3
620,EVOLUTIONS DECOUVERTS ACCORDES AUX CLIENTS SUR 2022 ET DECOUVERT EN COMPTE AU 31 03 2022
621,REMISES T1 2022
622,CamScanner 03-15-2022 08.50.34(1).pdf
623,COMPTE FOURNISSEUR BLOQUE POUR DEFAUT DE MISE A JOUR DOSSIER FISCAL ( ANR) /STE COCIC
624,ATTENTION DE NON REDEVANCE ( Urgent)
625,ANR à jour
626,Basculement PVL BAMENDA en Distributeurs au 3 01 2022
627,NOTIFICATION FOURNISSEUR MAPERO CAM
628,MODE DE PAIEMENT DISTRIBUTEURS T1 2022 (ANNULE ET REMPLACE)
629,TIERS AVARIES IMPORTS A CREER
630,MODE DE PAIEMENT DISTRIBUTEURS T1 2022 (ANNULE ET REMPLACE)
631,PB SORTIMENT XXL35P DANS T0014
632,BLOCAGE ORG60C EN DESTOCKAGE CD Loum.
633,Statut 30
634,DEMANDE DE RESERVATION DE CHAMBRE D'HOTEL
635,Création comptes cession boisson cadre
636,COMPTE FOURNISSEUR BLOQUE POUR DEFAUT DE MISE A JOUR DOSSIER FISCAL ( ANR)
637,ANOMALIE SOCAVER/INTERCOS
638,TRADEX N° 90177441
639,situation fiscale
640,Création et revalorisation comptes cession boisson cadre
641,Bordereaux de livraison signés Grand-mère pour création OA (N°1)
642,ANR A NUMERISER
643,POSITIONNEMENT RISTOURNE DANS LE COMPTE N
644,Destockage SAG60C CD Loum
645,REGUL COMPTE TVA DEDUCTIBLE SUR PRESTATIONS ETRANGERES 445452
646,dossier administratif Fournisseur FE00250
647,FORMULAIRE PARAMETRAGE CO²_SCTL
648,BALANCE COMPTES CESSIONS
649,CADEAUX DU PERSONNEL
650,Demande de changement de RIB Fournisseur XTRADE
651,TEMPLATE DE RECUEIL DES DLUO
652,Pas d'assortissement MAT50B dépôt 009
653,RESERVATION DE CHAMBRE
654,PROBLEME GED
655,ECROULEMENT TANGUI CAMER-CO (PROBLEME DE FACTURATION CAS)
656,RELANCE POUR BON DE COMMANDE
657,Déblocage XXL35P ( Compte cession 102 B3310 )
658,Pas d'assortissement MAT50B dépôt 009
659,Destockage dluo Proche en verre consigné &amp; SPR10P
660,MAJ compte fournisseur
661,INCIDENT GED FOURNISSEUR
662,ANOMALIE GESCOM
663,DEMANDE DE CHANGEMENT DE COMPTE POUR PAYEMENT FACTURE
664,Master Data FOTSO TACHIM Samory
665,ANR ETS ZEBAZE
666,Pas d'assortiment TPP30C
667,CREATION SOUS TYPE 116392C DE Mr NGOUEM
668,DOSSIER FISCALE MISE A JOUR
669,Agrément FRS
670,dossier administratif Fournisseur FE00250
671,ATTESTATION DE NON REDEVANCE J.T.C.
672,ANOMALIE SOCAVER/INTERCOS
673,TVA SUR FACTURES MOCAF
674,SOS SOUCI DE FACTURATION CLIENT PIERSHIP 02800218 / COMPTE ACTIVE
675,Création matricules EOM - Recrutement Mars 2022 - Ouest
676,Cessions bloquées pour assortiments
677,ANR SOPRESCAM
678,PARAMETRAGE CONTRAT CAMGAZ
679,DEMANDE DE MISE A JOUR DU DOSSIER FISCAL DU FOURNISSEUR - STATUT 30
680,PROPOSITIONS DEVENIR DU SECTEUR 221 - Mars 2022 ===> proposition feuille de route et courrier ==> Demande de paramétrage
681,Création compte CAMDA WARDA
682,SABC transaction details -Geni
683,TIERS ES00033 et EO00006
684,Centre de services - DSI | Ticket N° : 0246485 | Résolution de votre ticket : IMPOSSIBILITE DE SAISIR TGI10P DANS L'IMPUTATION 102T3310
685,CWE DU 13/04/22
686,non réception article
687,REMISES T1 2022
688,Création Comptes clients secteur 01
689,Accord agrément Fournisseur ETS OCHO UNIVERS
690,FOURNISSEUR FE00157 : ANR renouvelé
691,PROBLEME ASSORTIMENT XLO35P COMPTE 053T2212 - ACTION TERRAIN PEAGE ROUTIER
692,CONNEXION EMPLACEMENT
693,Attestation de non redevance.
694,MK SARL - Demande de diminution de dépôt de garantie
695,Compte de fusion Distributeur BOUL SARL
696,Prestataire Arts et Métiers - Beaux Arts
697,ANOMALIE SOCAVER
698,EXTRACTION CODE FNP
699,compte bloqué.
700,BESOIN D'INFORMATION
701,FACTURE A SAISIR
702,Documentation à compléter dans la GED ITS
703,DEMANDE ANR
704,STATUT FOURNISSEUR UNIVERS PACKAGE SARL
705,FOURNISSEUR FB00076 SUPPRIME
706,Blocage vente à SOBRAGUI.
707,PROBLEME DES ASSORTIMENTS COMPTE B1150 (DLUO CRIITIQUE)
708,ANR CEGELEC
709,CREATION TIERS EMPLOYE
710,PAS D'ASSORTIMENT
711,FACTURATION BOOSTER RACINE 50B
712,REMISES FIN D'ANNEE 2021 CLIENT BOMBAY MASALA 02800261''
713,DEMANDE DE RATTACHEMENT TOURNEES MULTIPLES - 15 04 2021.xlsx
714,ANR
715,Demande d'emballages
716,EXTRACTION DECOUVERT AU 31/03/2022
717,Nouveau RIB de STMI (FS00591)
718,COTISATION DU MEMBRE FONDATEUR
719,MISE A JOUR UNIVERS CLIENTS COMPTES CLES
720,Réception OA 3291397 CAMGAZ MODERN TRADE YAOUNDE
721,SOUCI D'EDITION
722,Dysfonctionnement Microsoft Project
723,merci d'active la licence Office sur le poste CMRUCT17182
724,OA 328 67 96
725,Batterie à remplacer sur CMRLPT19111
726,PROBLEME FICHIER PDF
727,Instabilité réseau au MLU Yaoundé.
728,Validation MASHUPS et WORKFLOW
729,Difficultés dans OAs
730,NON REMEONTEE FACTURES DEPOT BP6 CAISSE 006
731,BOOSTER RACINE 50 B
732,Non remontée de factures INT au Modern trade
733,RE: NON REMEONTEE FACTURES
734,FACTURATION BOOSTER RACINE 50B
735,FACTURATION WORLD COLA 60C au CLUB DU PERSONNEL 06699999
736,PAS DE RETOUR DE FICHIER DANS LA CONSOLE CIBELITE
737,dysfonctionnement de la console de telecollecte sur mon poste de l'ASD
738,NON REMONTEES FACTURES DANS OIS 300
739,PROBLEME DE DROIT
740,demande de droit
741,PROBLEME DE DROIT
742,demande de droit
743,DEMANDE DE CODIFICATION
744,DEMANDE DE CODIFICATION
745,DEMANDE DE CODIFICATION
746,Pas d'accès à e-lions
747,Pas d'assortissent BFT50B-COK10P
748,Pas d'assortissement MAT50B dépôt 009
749,NON RECEPTION DES MAILS
750,PERTUBATION RESEAU WORKFLOWS CC BONABERI
751,Pas d'assortissement eaux
752,NON RECEPTION DES MAILS
753,Pas d'accès à e-lions
754,Lenteur du réseau WORKFLOWS CC BONABERI
755,TR: Souci connexion MOOVAPPS
756,souci validation OA
757,Installation application Visio
758,Compte cession
759,Mise à jour de la Clé du ''responsable demandeur''
760,Difficulté de clôture d'inventaire labo ndokoti
761,Doublons à supprimer dans le Workflow demande d'engagement
762,MISE A JOUR VALIDATION DES DIFFERENTS WORKFLOWs PAR LE DIRECTEUR REGIONAL
763,RE: MODIFICATION SUPERIEUR HIERARCHIQUE NKOUEGOUA NELLY
764,RE: Ecart sur VRF50 (Fûts VIDES de 50 L)
765,TR: Synthèse des pertes de Gestion Synthèse Nationale
766,VRMA30 DANS LE DEPOT 165
767,DROITS
768,KPI CDS ZALLI NATHAN
769,FICHE DE GESTION DES IDENTITES
770,Câble murale hors service
771,"Bonjour, Imprimante YAOUCFAO 112 hors service depuis hier ( voir Imp"
772,Extraction des soldes négatifs
773,Création d'un groupe teams '' Questionnaire BEAC''
774,TR: Création d'un groupe teams '' Questionnaire BEAC''
775,QV1035 et TV1080
776,TV110 ET TV1138
777,Imprimante KOUMASSI
778,REPONSE AU TICKET
779,DOSSIERS PARTAGES
780,PROBLEME DE SON SIGNALE DEPUIS LA RECEPTION DU PC
781,WIFI
782,réactivation M3
783,TR: WF demande d’autorisation CDS ETOUNE
784,Demande de congés validée Dieudonne ONDOKO
785,Modification Numéro dans le compte OFFICE 365
786,Désactivation du profil de M.ruben Tchonmo
787,Rappel : INCIDENT GED FOURNISSEUR
788,FACTURE T&amp;W NON EDITEE
789,Rallonge période de validité code projet TV3027
790,Rallonge période de validité code projet TVRBA65
791,Rallonge période de validité code projet TV4024.
792,ANR tiers FC00263
793,fto10p non assortit au compte 053T2212
794,Impossible valider workflow...
795,Démarrer OPTIMAINT
796,Démarrer OPTIMAINT
797,Démarrer OPTIMAINT
798,PAS D'IMPRESSION
799,OPTIMAINT
800,IMPRESSIONS EN COULEURS
801,IMPRESSIONS EN COULEURS
802,BESOIN ACTUALISATION CLEE DE VALIDATION OU018
803,PERTE DE MON TELEPHONE DEPUIS HIER AVEC MA PUCE 697 069 825 DONC JE VOUS PRIE DE RECONDUIRE DANS LA MESURE DU POSSIBLE EN URGENCE .
804,outlook
805,one drive
806,SIGNATURE
807,Pb de validation de facture
808,Accès à e-lions et optimaint.
809,demande d'ajout dans le fichier workflows
810,Problème d'impression en couleur
811,Difficultés de validation des factures
812,OF bloqué au statut 22
813,ACCES GED
814,PROBLEMES LIGNES NON REMONTEES AU PPS170
815,ARTICLE A CONNECTER AU DEPOT 803
816,CODES ARTICLES A CONNECTER AU DEPOT 312
817,CODES ARTICLES A CONNECTER AU DEPOT 312
818,PANNE GE ESEKA
819,Balibo102 en échec
820,FICHE DE DROITS
821,ECRITURES INCORRECTES
822,réception.
823,réception.
824,réception
825,réception OA 3293052.
826,réception
827,paramétrage
828,Création du ticket : Fiches de gestion d'identité M.NDJANDJA ERIC
829,Fiches de gestion d'identité M.NDJANDJA ERIC
830,besoin de dépannage et d'encre copieur RICOH HP-2001 et copieur YAOUCFAO 117
831,impossible d'imprimé
832,TR: besoin de dépannage et d'encre copieur RICOH HP-2001 et copieur YAOUCFAO 117
833,Validateur ODM incorrecte
834,Validateur ODM erroné
835,Pas d'accès à TEAMS et pas de wifi
836,Impression OA n°3297249
837,Editions dans M3
838,Merci Intégrer 15h59
839,Merci Intégrer 14h09
840,Merci Intégrer 14h05
841,Merci Intégrer 14h22
842,Merci Intégrer 08h56
843,Merci Intégrer 11h11
844,Merci Intégrer 07h23
845,Edition OA ne parvient pas dans mon mail
846,TR: Accès claim
847,LISTE DES CLIENTS A INTEGRER DANS CLAIM
848,FACTURE VEROUILLEE
849,PAS DE RETOUR LAIL
850,PROBLEME RESEAU DANS NOTRE BUREA
851,PANNE PC
852,IMPRSSION DES DOCUMENTS
853,PROBLEME IMPRIMANTE
854,Logiciel visio Bloqué
855,RE: Factures à échéance dépassée dans votre workflow.
856,COMPTE CESSION
857,PAS DE RETOUR ECART INVENTAIRES DANS MAIL-CC NDOKOTI
858,RE: SIGNALER LES BL NON SCANNER ET A CLOTURER-CC NDOKOTI
859,RE: Téléphone fixe du Bureau CDQ éteint
860,ARRET ONDULEUR BUREAU MAGASIN EMBALLAGES-CC NDOKOTI
861,BESOIN ENCRES MAG ET CAISSE CCY1
862,QUALITE DE NOS IMPRESSIONS
863,Installation Logiciel Comptage Levure (Compteur ABER) PC Laboratoire
864,defaut de connexion à la messagerie OUTLOOK sur mon PC
865,Problème de connexion a E-lions
866,Demande d'agrément N° 271
867,Demande d'agrément N 326
868,TR: NOUVELLES OFFRES DE SACS POUR ENSACHAGE MALT ET GRITZ
869,PROBLEME RECEPTION OA N°3292090
870,PROBLEME RECEPTION OA N°3292087 LUMITEL.
871,PROBLEME RECEPTION OA N°3290789.
872,PROBLEME RECEPTION OAs 3292086- 3292085- 3292089
873,PROBLEME SUR DEMANDE D'ORDRE DE MISSION
874,PROBLEME RECEPTION OA N°3292086
875,impossibilité de choisir de salle (à l'ecran) lors de la convocation d'une réunion.
876,lancement workflow demande ecran LED
877,GESTION PROFIL M. OLOKO ABITALA
878,Difficulté d'accès dans le workflow mission
879,RE: DEMANDE DROITS M3 MAGASINIER POUR TCHOUMI SIMPLICE
880,MISE A JOUR PROFIL DR M. MEKA
881,RE: GESTION DES IDENTITES MM MBALLA &amp; EBOLA
882,GESTION IDENTITE M. MPONDO LEONEL
883,MODOFICATION CHAINE VALIDATION
884,RE: GESTION IDENTITE MM. NGOSS &amp; NKOM NKOM
885,GESTION IDENTITE CVL FODJO
886,RE: GESTION IDENTITE M. TCHOUMI SIMPLICE
887,GESTION PROFIL M. EBOLA EKANGO URGENCE SIGNALEE
888,GESTION IDENTITE M. NKOMBE LEONARD
889,Souci mail adresse standardiste
890,Déconnexion OUTLOOK / Profil NJEMBE01
891,e-lions
892,PROBLEME D'IMPRESSION
893,TR: Compte distributeur non crédité par les emballages .
894,INCIDENTS GLPI EN SOUFFRANCE
895,TR: Univers client M3 à modifier
896,REACTIVATION PROFIL DEV
897,ECRITURE COMPTABLES INCORRECTES SUR OA 3286245
898,IMPOSSIBLE DE DEROULER UN PROGRAMME SUR INFOR
899,ANR POUR MIS A JOUR
900,ANR ETS NCTHA BONSOIR JORDANE POUR MIS A JOUR
901,ANR MECANIK
902,ANR STE SNAPSE POUR MIS PRESTATAIRE STRAGEGIQUE A REGLER STP BJR PASCA TON RETOUR
903,ANR DJOUNA
904,OA 3289495 ECRITURES COMPTABLES INCORRECTES BSR AIME TON AIDE STP
905,RE: FOURNISSEUR A DEBLOQUE POUR SAISIE
906,FOURNISSEUR A DEBLOQUE POUR SAISIE
907,ANR ETS NOUJIEP
908,PAS D'IMPRESSION VIA YAOUNSIN
909,CODIFICATION PR'S FLASH PASTO
910,CODIFICATION PR'S FLASH PASTO
911,CODIFICATION PR'S COMPTAGE VAPEUR
912,Mise à jour numéro flotte O M
913,IMPRIMANTE DE TALON PULSE
914,IMPRIMANTE EN PANNE
915,Difficultés à ouvrir e-lions et Teams
916,INFOR PAS FONCTIONNEL
917,ACTIVATION DE MON PROFIL POUR INFOR
918,Signature Non Conforme.
919,Signature Non Conforme
920,PAS D'EDITION M3 SUR IMPRIMANTE NGAOUBM103
921,PARAMETRAGE HEURES SUPPLEMENTAIRES
922,RE: PARAMETRAGE HEURES SUPPLEMENTAIRES
923,Impossible d'envoyer les pièces jointes par mail
924,Dysfonctionnement récurrent Imprimante réseau
925,difficultés
926,difficultés PC Tafon
927,Modification du validateur hierarchique N+2
928,FICHE DE PROFIL
929,Disque plein sur Balifich003
930,Demande de création d'un intervenant GLPI
931,BOOSTER RACINE 50 B
932,TR: NON REMEONTEE FACTURES DEPOT BP6 CAISSE 006
933,TR: NON REMONTEE DES FACTURES
934,Data préfacturation mars 2022.xlsx
935,Problème avec ma messagrerie
936,RE: Ecart sur VRF50 (Fûts VIDES de 50 L)
937,Pas M3 a olembe
938,Profil AMOUA
939,RE: RESEAU NON DISPONIBLE E-LIONS
940,Problème d'ouverture d'e-lions
941,Problème de connexion au réseau SABC dans la salle des Prestataires/Stagiaires à la DSI
942,DISPARITION CHAMP SERVICE COMMERCIAL VENTES AGREGEES E_LEADER
943,PAS D'ACHATS POUR DEFAUT D'ACCESS A E_LEADER DISTRIBUTEURS
944,Problème d'accès internet par câble sur mon PC
945,Facture qui ne se valident pas
946,Fiche identité : Mise à jour Profil TALA03
947,FICHE DE PROFIL TALA03
948,Anomalie dans la chaîne de validation
949,FICHES DE GESTIONS DES INDENTITES
950,FICHES DE GESTIONS DES INDENTITES
951,Droits validation work flow
952,Non IMPRESSION AO 3291520 INTERCALAIRES A 12H47MN LE 14/04/2022
953,DIRECTION HIERACHIQUE WORKFLOW ORDRE DE MISSION
954,Absence de connexion sur mon pc. de rétablir ma connexion
955,Absence du réseau wifi.
956,M3 ne fonctionne pas bien?
957,Anomalie solde compte FE00038V
958,Ecart balance auxiliaire Vs balance générale au 31 03 2022
959,piece extournée
960,pas de réseau depuis jeudi 21 avril 2022
961,EDITION BON DE RANGEMENT
962,GED
963,Besoin de paramétrage sur imprimante
964,Pertubation réseau lors des flashages camions
965,Besoin de réédition des inventaires au CC NDOKOTI
966,Probléme flaschage ce matin au cc ndokoti
967,Problème flashage au cc ndokoti
968,Flashage des PF au cc ndokoti: OD non clôturer
969,Difficile accès à e-lions
970,Probléme d'accés reseau sur appareil flaschage
971,Probléme flaschage cc ndokoti
972,Pas de réseau sur appareil pulse
973,Bureautique Serveur Dimo PPRD
974,TR: Ordre de mission N° 13900
975,MAJ WORKFLOW MISSION
976,RE: Ecart d'inventaire à saisir
977,RE: DEMANDE DE CODIFICATION CONDENSEUR EVAPORATIF GROUPE FROID AXIMA 4
978,ACcès VPN
979,IMPOSSIBILITÉ DE BOUCLER LA JOURNÉE DE TRAVAIL DU CRM.
980,ACCES IMPOSSIBLE WORKFLOW KPI
981,IMPOSSIBLE DE BOUCLER LA JOURNEE CRM DEPUIS LE 22 AVRIL 2022
982,Lenteur de réseau
983,SOUCI PARAMETRAGE STATION TOTAL BONAMOUSSADI 2 CLIENT TSOGO BAKAM 02800415/ RE: ANOMALIE OIS180
984,CONSEQUENCES DES NON REMONTEES AUTOMATIQUES DES VENTES du 28/04 / SOUCI INFORMATIQUE
985,SOUCI INFORMATIQUE / SOS PAS DE REMONTEE AUTOMATIQUE au 260422 / BGZ200 LANCE
986,SOS SOUCI DE FACTURATION CLIENT PIERSHIP 02800218 / COMPTE ACTIVE
987,SOS PAS DE REMONTEE AUTOMATIQUE au 260422 / BGZ200 LANCE
988,Pas d'assortiment Associe au 028T0013 produit MUT50B / SYNTHESE OP MOIS DE MAI 2022
989,RE: Pas d'assortiment Associe au 028T0013 produit MUT50B / SYNTHESE OP MOIS DE MAI 2022
990,SOS POUR SUPPRESSION LIGNES DEPOTS AP4/ AP9 / AO5 /AO6 / AQ5 /AL3 / NON REMONTEE AUTOMATIQUE DES VENTES
991,SOS NON REMONTEE AUTOMATIQUE DES VENTES / SOUCI INFORMATIQUE
992,SOS BOUCLAGE DU 26.04.202 / PAS DE REMONTEE AUTOMATIQUE
993,Pas d'assortiment SAG30C compte cession 028T1150
994,OA 3290639
995,BT440717 LT327LE
996,DEMANDE SUPPRESSION PIECE JOINTE
997,DEMANDE SUPPRESSION PIECE JOINTE
998,Problème ordinateur 17056
999,ANOMALIES A CORRIGER SUR LES COMPTES 776000 ET 676000
1000,CREATION SOUS TYPE 116392C DE Mr NGOUEM
1001,SIGNATURE
1002,one drive
1003,outlook
1004,imprimante
1005,loguer INFOR
1006,OA à réceptionner
1007,CODE PROJET A PROLONGER
1008,OA OPTIMAIL A RECEPTIONNER 3279142
1009,OA OPTIMAIL A RECEPTIONNER
1010,OA OPTIMAIL A RECEPTIONNER
1011,OA OPTIMAIL DANS M3
1012,OA OPTIMAIL A RECEPTIONNER
1013,OA OPTIMAIL A RECEPTIONNER
1014,OA OPTIMAIL A RECEPTIONNER 3282947
1015,OA OPTIMAIL A RECEPTIONNER
1016,Ecritures incorrectes
1017,ANOMALIE OA 3294564
1018,DEBLOCAGE COMPTE FOURNISSEUR
1019,DEBLOCAGE COMPTE FOURNISSEUR
1020,Déblocage compte fournisseur
1021,DEBLOCAGE COMPTE FOURNISSEUR
1022,DEBLOCAGE COMPTE FOURNISSEUR
1023,Connection One Drive
1024,Impression
1025,"svp , merci"
1026,ATTENTION DE NON REDEVANCE ( Urgent)
1027,CONSOMMATIONS MPC MOIS MARS 2022
1028,Gestion des HS
1029,Inaccessibilité à E lions
1030,limite d'ouverture INFOR
1031,OF bloque au statut 82
1032,"Anomalie OA 3293682 ,DA 3144464"
1033,Anomalie réseau
1034,Accès imprimante thermique via profil abdoul01
1035,Anomalie DA
1036,"Connexion code article, dépôt 151"
1037,Connexion code article : 88903410 dépôt :181
1038,Connexion dépôt 151
1039,"Anomalie DA 3145751 ,OA 3292547"
1040,DEMANDE DE CHANGEMENT BATTERY LAPTOP CMRLPT18064
1041,DEMANDE AUTORISATION ABSENCE
1042,Restauration des tables en PPRD
1043,Préparation des formations DimoMaint OM
1044,Activation compte MAVUSR01
1045,Reconduction SIM (+237)657347794
1046,dossier partagé
1047,OUTLOOK
1048,Centre de services - DSI | Ticket N°: 0248064 | Clöture de ticket: IMPRIMANTE EN PANNE
1049,MPRIMANTE EN PANNE
1050,IMPRIMANTE EN PANNE
1051,RE: Ecarts Inventaires Mois de 11-2021
1052,RE: pas de réseau câblé
1053,Tout plante sur mon réseau DCG
1054,DIFFICULTES A RECEPTIONNER DANS M3 LES OD DE SEMC TANGUI
1055,Défaillance PULSE
1056,OA PEP SARL
1057,Paramétrage imprimante SIAC
1058,TR: Fiche de gestion des identités
1059,Rappel : Retirer l’accès Internet au serveur SABCDOCK201
1060,Rappel : Retirer l’accès Internet au serveur SABCDOCK201
1061,Mise à jour fond d'écran PC --> Communication TRUC et ASTUCES TEAMS 01
1062,pb sur signature BIANOU et adresses mail à corriger
1063,Retirer les VM SABCWIFI101 et SABCPDDK101 sur l’hôte baliesxi106
1064,[Lit De Fusion] Collecte de fichier par MEC
1065,Accès Internet à SABCPERM101
1066,Retirer l’accès Internet au serveur SABCDOCK201
1067,Accès au loadbalancer à Mathurin WAFFO du 06/04 au 20/04/22
1068,Accès aux Serveurs Socaver du 21/04 au 17 juin 2022.
1069,liste des employés avec email
1070,Lancement du Workflow ''Demande de matériel informatique''
1071,RE: Ecart balance auxiliaire Vs balance générale au 31 03 2022
1072,Désactiver le profil PANESS01 valable jusqu’au 02/04/2022
1073,05 lecteurs biométriques injoignables sur Bali et Ndokoti
1074,:Maintenance préventive mensuelle du système ce dimanche 10-04-2022 de 00h01 à 14h00 reportée au 17 04 2022
1075,RE: Virement remises clients rejetés
1076,RE: DEMANDE D'APPROBATION DES ECRITURES LISTE2
1077,OA
1078,RE: Factures à payer bloquées en statut 1
1079,Besoin d'un disque dur Externe
1080,Rappel : 05 lecteurs biométriques injoignables sur Bali et Ndokoti
1081,Besoin accès VPN
1082,RE: TIERS A LETTRER
1083,RE: DAMANDE D'APPROBATION DES ECRITURES
1084,RE: Factures à échéance dépassée dans votre workflow. Meka.
1085,RE: ERREUR TYPE D'ORDRE OA 3295014
1086,Pb éditions par mail
1087,RE: Factures à payer bloquées en statut 1
1088,Retrait des droits VPN à Leopold Saker NDIHOU TAYO --> date de fin samedi 12/03/22
1089,DT 787 à corriger et 789 à passer à Terminer
1090,Demande 799 à clôturer manuellement
1091,RE: Suppression de pièce
1092,RE: REMISE EN BANQUE
1093,Wf mise en production: création chaîne de validation
1094,passer la demande 802 à ''TERMINER''
1095,Licence messagerie à retirer au profil MANANG01
1096,Impossible de cloturer la DT
1097,màj nom exécutant sur DT 794
1098,retirer la licence de messagerie au profil ODODI01
1099,OA etabli et affecté à TOUKAM01 et non TOUKAM_POI
1100,retirer la licence de messagerie au profil TAMEGH01
1101,"Profils M3, messagerie a desactiver le 23 mars 2022"
1102,Impossible d'ouvrir les fichiers sur PC CDS DSCHANG
1103,menaces identifiées sur BALIERP004 et SABCKPI101
1104,Indisponibilité du service Internet SABC Bali
1105,05 lecteurs biométriques injoignables sur Bali et Ndokoti
1106,Pb d’accès à e-lions -Page blanche
1107,Désactiver les jobs semestriels de sauvegardes
1108,09 échecs de Sauvegarde VEEAM du 20/04
1109,Pb de connexion à M3
1110,06 echecs de sauvegarde serveur à corriger
1111,lien MTN de Foumban HS et autres noeuds indisponibles
1112,Problème redémarrage des postes 4018
1113,Envoi d’un message : Fiche de gestion identités M.DJOUONANG
1114,Fiches de gestion des identités MM DJOUONANG et BENG
1115,Fiche de gestion des identités M.TCHETCHE
1116,Fiche de gestion des identités M.BIBOGA
1117,Manque toner
1118,Anomalie workflow cession
1119,Connexion e-lions impossible
1120,ANNULE RECEPTION
1121,BON DE RECEPTION
1122,BON DE RANGEMENT
1123,REQUETE ETAT TRIMESTRIEL
1124,pb de connexion à la messagerie
1125,e-lions
1126,Absence d'encre Imprimante couleur DF
1127,Code projet périmé
1128,Assainissement mensuel annuaire AD
1129,[GP-Azure AD Synchronisation][SABC] Mise en Place de règles de filtrage
1130,Dysfonctionnement collecteur depuis le 21 04 22 à 18H
1131,Synthèse des pertes de Gestion Synthèse Nationale
1132,Assainissement mensuel annuaire M3
1133,Synchronisation AD / Nagios
1134,DEMANDE ACCES BIOMETRIQUE ET BADGE
1135,Désactivation du profil de M.ruben Tchonmo
1136,Situation des licences office365 au 0604
1137,PROFIL Mathurin NGNEGUE NON EXISTANT SUR LE FICHIER DES RH
1138,RE: correction des échecs de sauvegarde X86
1139,Correction des échecs de sauvegarde x86 du 24/04
1140,[GP-Azure AD Synchronisation][SABC] Mise en Place de règles de filtrage
1141,Problème d'accès à la console SST
1142,Validation WF
1143,OD
1144,ACCES A QUALISHARE
1145,JE N ARRIVE PAS A OUVRIR INFOR VOILA LE MESSAGE QUE SA ME DONNE A CHAQUE TANTATIVE
1146,LES N° DE PALETTES NE REMONTE PAS VOIR CAPT ECRAN
1147,PROBLEME VALIDATION HEURES SUPPLEMENTAIRES REELLEMENT EFFECTUEES SUR WORKFLOW
1148,NON ACCES A LOTUS NOTES
1149,Réponse automatique : EXTRACTION BORDERAUX DE VENTES SOCAVER
1150,Tr : Etiquette non conforme
1151,Difficultés d’ouverture WINDOWS dans le PC
1152,DIFFICULTÉS D’OUVERTURE E-LEADER DISTRIBUTEUR HME SARL
1153,Correction unités
1154,FICHES SUIVEUSES BG FORMATS 35CL USINE DE BAFOUSSAM
1155,Création Code
1156,Création Codes
1157,NON REMONTEE LIGNE OA 3292167
1158,CODE M3
1159,NON REMONTEE DE LA LIGNE DE COMMANDE OA 3292929
1160,IMPOSSIBILITE D'EDITION ECART INVT
1161,problème de batterie et de connexion
1162,disque dur
1163,VALIDATION ODM
1164,DA 3143703 VALIDEE MAIS NON TRANSFEREE DANS WORKFLOW
1165,OA 3291015 (ITEM N°2 n'est pas intégré dans la commande OTIMAINT 83458)
1166,impossible de valider les ordres de Mission de mes collaborateurs
1167,VPN Meka HS.
1168,Mbanga vs Loum...
1169,RECLAMATION BON DE RANGEMENT
1170,Actualisation de mon WORKFLOW ORDRE DE MISSION
1171,Envoyé à partir de l’outil Capture d’écran
1172,Envoyé à partir de l’outil Capture d’écran
1173,M3 BLOQUE .
1174,"Disparition des disques Optimaint,dans le poste de travail."
1175,Numerisation reglements Fournisseurs à remonter
1176,Echec demarrage KODAK Capture ''Reglement facture''
1177,Arret fonctionnement de la KODACK CAPTURE reglt Fournisseurs
1178,Cartouche à remplacer sur imprimente
1179,autorisation BIBOUM03 à effectuer les mouvements sortie stock
1180,REUNION TEAMS
1181,réseau indisponible
1182,fichiers partagés sur TEAMS
1183,IMPOSSIBILITE DE SE CONNECTER Au Wifi SABC URGENT
1184,TR: Le document Fiche de gestion ID
1185,problème d'accès à e-lions
1186,ABSENCE DE RESEAU SABC
1187,non remontée de doc scan dans le mail
1188,POSTE TELEPHONIQUE
1189,TR: GESTION PROFIL M. OLOKO ABITALA
1190,Problème OUTLOUK M. SOH ( caissier CC NDOKOTI )
1191,Problème flashage CC NDOKOTI
1192,Problème remontée écart inventaires dans outlook
1193,Problème flashage Produits CC NDOKOTI
1194,Problème flashage CC NDOKOTI
1195,Problème flashage CC NDOKOTI
1196,Problème flashage BL 0414650389
1197,Panne imprimante Caisse CC NDOKOTI
1198,Problème avec ma messagrerie
1199,CODE PROJET A DEBLOQUER
1200,CODE PROJET A DEBLOQUER
1201,PERTURBATION DU RESEAU A SIAC
1202,RUBRIQUE ''ACTIVITE PAIE '' ABSENCE DANS L'ARBORESCENCE DE LA GED
1203,disfonctionnement e_lions
1204,Accès Workflow ''Ordre de mission''
1205,validation workflow congés : ==> Nouvelle demande de congés n°9319
1206,défaut d'accès à e-lions
1207,défaut à optimaint
1208,défaut d'accès à optimait
1209,gestion d'identité _ Electriciens _ Internet full
1210,Droits au programme PMS100 dans M3
1211,TR: M3
1212,IMPRIMANTE
1213,outlook
1214,DOCUBASE
1215,non accessions à e-lions
1216,Reconduction Numéro Flotte M. Dkouam Tel: 698 80 55 28
1217,PROBLEME D EDITION
1218,RE: EMPLACEMENTS DES PALETTES NUES ET CAISSES METALLIQUES VIDES
1219,LES PROGRAMMES M3 NE PASSENT PAS
1220,TR: NOUVEAUX EMPLACEMENTS *** CAISSES METALLIQUES VIDES // PALETTES NUES
1221,DONNEES QLICKVIEW INCOHERENTES
1222,Liste de diffusion des pertes de gestion.
1223,INDISPONIBILITE D'ACCES A E-LION
1224,Impossibilité de valider une facture
1225,ABSENCE CONSOGNATION FACTURE 1004070018 FIRST STEP
1226,Proposition en statut 2
1227,Proposition en statut 2
1228,Difficulté à acceder à M3
1229,Factures à payer bloquées.
1230,Impressions M3
1231,Factures à payer bloquées en statut 1
1232,Factures à payer bloquées en statut 1
1233,Factures à payer bloquée en statut 1
1234,Anomalie RIB sur virement f'sseur SOCAVER
1235,Factures à payer bloquée en statut 1
1236,Factures à payer bloquées en statut 1
1237,Factures à payer bloquées en statut 1
1238,Facture échues à payer d'urgence.
1239,Factures en statut 1 non payées.
1240,CONNEXION
1241,CONNEXION
1242,CONNEXION
1243,CONNEXION
1244,CONNEXION
1245,REEDITION BORDEREAU DE RECEPTION
1246,NON IMPRESSION DES EDITIONS M3
1247,TRANSFORMATION EN FICHIER EXCEL
1248,MAIL NON TRANSMIS
1249,REEDITION BORDEREAU DE RECEPTION
1250,LES RECEPTIONS PERIODIQUES DES OA
1251,impossible d'accéder à ma messagerie de Mme MARIE MAGON sur CMRUCT21076
1252,Workflow demande véhicule
1253,OA 3295444 . 3295432.3295431 ET 3295433
1254,OA 3290489
1255,OA 3292081
1256,OA 3293913
1257,RE: Centre de services - DSI | Ticket N°: 0242477 | Clöture de ticket: Impossible de connecter les clés USB sur mes ports
1258,Réponse automatique : PARAMETRAGE PROFIL TOKAM Jerry RELANCE
1259,TR: PARAMETRAGE PROFIL TOKAM Jerry RELANCE
1260,Pb de connexion au reseau WIFI SABC
1261,difficulté d'acces E-Lions via le lien
1262,ACCES INTERNET Mme GOUIFE Nicole
1263,Blocage Camion TT
1264,Page OPTIMAINT bloquée Blanche depuis près de 15min
1265,demande de déconnexion sur serveur Optimaint
1266,"Demande de mise à jour profil MENOUN03 pour signature DA Optimaint, OA M3 et factures M3"
1267,demande de déconnexion sur serveur Optimaint
1268,Demande déconnexion sur serveur Optimaint
1269,Réponse automatique : MODIFICATION PROFIL POUEMO01 (URGENT)
1270,Demande déconnexion sur serveur Optimaint
1271,DDE codification PR Pompe MOUVEX
1272,PAS D'ACCES OPTIMAINT
1273,BESOIN D'UNE SOURIS
1274,Revalorisation crédit de téléphone flotte entreprise
1275,Mise à jour Groupe cadres
1276,Revalorisation crédit de téléphone flotte entreprise
1277,Rappel : Revalorisation crédit de téléphone flotte entreprise
1278,Rappel : Revalorisation crédit de téléphone flotte entreprise
1279,Manque d'encre imprimante open space DRH
1280,Modification validateur congés EOM Siège et Cadres
1281,Revalorisation crédit de téléphone flotte entreprise
1282,Intégration Flotte Entreprise
1283,Intégration Flotte Entreprise
1284,Problème de validation de facture dans workflow
1285,Worflow absence
1286,ANOMALIE OA 3293586
1287,PROBLEME DE CONNEXION
1288,CONNEXION EMPLACEMENT
1289,ANOMALIE DA
1290,PERTE DE RESEAU DESKTOP CCD MBALAMAYO
1291,PROBLEMES DROITS M3 ET OPTIMAIN TOUJOURS PAS RESOLUS
1292,Droits M3 et Optimaint
1293,Difficulté à me connecter
1294,ACCES DENIED
1295,IMPOSSIBLE DE CE CONNECTER A INTERNET
1296,PROBLEME DE CONNEXION - SERVICES EN LIGNE CNPS
1297,Vérification et mise à jour éventuelle Workflow
1298,TR: Accès SABCRI
1299,édition OA
1300,M3 Indisponible
1301,RE: Extractions Mars 2022
1302,Cable réseau PC MAMBA
1303,workflow gestion identités
1304,Besoin Extractions
1305,Demande de droits
1306,Accès internet
1307,TR: Accès internet
1308,TR: Demande accès internet half pour M. TENEGOUM
1309,CONCERNE ORDRE DE MISSION FORMATION OPTIMAINT DE HERMANN DJOMOU
1310,ordre de mission N° 3293678
1311,SIGNATURE CESSION BOISSONS DIRECTEUR D'USINE SENIOR BAFOUSSAM
1312,Demande d interventions sur trois PC en salle des machines CP
1313,Impossible d'ouvrir e-Lions
1314,Difficulté à ouvrir e-Lions
1315,CODE ARTICLE NON AUTORISE
1316,non édition: AVOIR RETOUR EMBALLAGES
1317,pas d'édition
1318,PANNE IMPRIMANTE
1319,DOCUMENTS A FOURNIR IMPORTANCE HAUTE
1320,Batterie Laptop HS
1321,Rappel : signature
1322,Rappel : signature
1323,SIGNATURE
1324,imprimante
1325,signature
1326,ONE DRIVE
1327,Problème avec ma messagerie
1328,MISE A JOUR TIERS FG00103
1329,TR: MISE A JOUR TIERS FA00207
1330,POSTE DE NUMERISATION EN PANNE (CMRUCT19030)
1331,EXTRACTION BORDERAUX DE VENTES SOCAVER
1332,Mise à jour codes du planning de production et programme de ventilation.
1333,FABRIC
1334,"Mise à jour codes Ventilation Fabrication Machines 11, 21 , 22"
1335,TR: Factures en validation dans vos workflows au 29/04/2022
1336,Réinitialisation mot de passe windows
1337,remontée CDV dans PULSE
1338,remontée CDV dans PULSE
1339,Blocage vente à SOBRAGUI.
1340,Non remontée données production
1341,RE: Non remontée données production
1342,Anomalie saisie bordereau.
1343,PROBLEME D'EDITION BON DE LIVRAISON (BL)
1344,RE: PAS DE RESEAU
1345,PB pms050.
1346,Envoyé à partir de l’outil Capture d’écran
1347,NON POSITIONNEMENT FACTURE DANS LE COMPTE 00845202 ( BMD DISTRIBUTION )
1348,NON POSITIONNEMENT FACTURE DANS LE COMPTE 00845195 ( E2F DISTRIBUTION SARL )
1349,VENTE DETAILLANTS T1 2022
1350,MISE A JOUR NUI DISTRIBUTEUR GLOBAL DISTRIBUTION SARL
1351,REGULARISATION REMISES DISTRIBUTEURS T1 2022
1352,ANALYSE REMISES
1353,VENTE DISTRIBUTEURS T1 2022
1354,MISE A JOUR DEPOT GARANTIE
1355,REMISES T1 2022
1356,CREATION DU COMPTE R
1357,DIFFICULTE DE ME LOGUER
1358,COMMANDE BLOQUEE
1359,RECEPTION OA: 3269478 CLOTURE
1360,LENTEUR DU RESEAU OPTIMAINT
1361,EDITION M3 DU BR
1362,DIFFICULTE D'OUVRIR E-LION
1363,extrême lenteur d'Amplitude
1364,Accès au dossier partagé paie cadre
1365,Instabilité de la prise électrique
1366,non remontée de certains éléments d'ANIMATION depuis Samedi 23 AVRIL 2022
1367,DEMANDE DE REDRESSEMENT DE RATTACHEMENT HIERACHIQUE ( pour VALIDATION Ordre de Mission...)
1368,ACCESSIBILITE A e-lions
1369,PB de remontée du rapport Ventes agregées ELEADER
1370,PB d'accès à la plate forme décisionnel BALIBO
1371,PB DE REMONTEE DE RAPPORTS DE VENTES AGREGEES ELEADER
1372,NON REMONTEE DU RAPPORT VENTES AGREGEES ELEADER
1373,PB DE REMONTEE DES REPORTING
1374,Impossible d'émettre une nouvelle demande de véhicule de réserve dans le WF
1375,Impossible de se connecter sur e-lions
1376,Impossible de me connecter au wifi
1377,impossible de me connecter sur teams
1378,Impossible de lancer WF Cession
1379,Impossible de me connecter au réseau local
1380,Demande de licence Visio.
1381,Validateurs ODM
1382,Dysfonctionnement Imprimante
1383,Réponse automatique : REQUETE 28/02/22
1384,Accès fichier partagé DCG
1385,PROBLEME DE MON POSTE DE TRAVAIL
1386,SIM 698 00 26 42
1387,Impossible de me connecter sur E-lions
1388,Perturbation réseau e-leader chez Mantio.
1389,DIFFICULTE D'IMPRESSION ET DE SCANNER SUR LES IMPRIMANTES DE LA DIRECTION
1390,prise réseau non disponible pour mon poste de travail
1391,problème infor M3
1392,CONNEXION CODE ART 89003033 AU 151
1393,PROBLEME POUR TRAVAILLER DANS M3
1394,PROBLEME DE MON POSTE DE TRAVAIL
1395,RE: merci intégrer 07h29
1396,RE: Merci Intégrer 18h17
1397,RE: Merci Intégrer 16h18
1398,RE: Merci Intégrer 16H52
1399,RE: Merci Intégrer 17H33
1400,RE: Merci Intégrer 16h16
1401,Merci Intégrer 14h47
1402,RE: merci intégrer 07h59
1403,RE: Merci Intégrer 17H06
1404,RE: Merci Intégrer 16H43
1405,Merci Intégrer 14h47
1406,MERCI DE PROLONGER
1407,RE: Merci Intégrer 15H21
1408,Merci intégrer 10h34
1409,merci de debloquer
1410,merci de prolonger
1411,merci integrer 11h20
1412,merci intégrer 09h02
1413,Merci intégrer 07h37
1414,Merci intégrer 16H21
1415,Merci intégrer 15h05
1416,RE: Merci intégrer 16H13
1417,Merci intégrer 15H53
1418,Merci intégrer 15h29
1419,Merci intégrer 14h42
1420,Extraction des OD
1421,Merci intégrer 08h10
1422,Extraction des OD
1423,merci intégrer 09h35
1424,RE: Merci Intégrer 10h17
1425,RE: Merci Intégrer 08h05
1426,RE: Merci Intégrer 14h15
1427,RE: Merci Intégrer 10h09
1428,RE: Merci Intégrer 08h00
1429,Merci Intégrer 14h32
1430,Merci Intégrer 14h23
1431,merci integrer 07h40
1432,merci intégrer 16h32
1433,merci intégrer 14h42
1434,RE: Merci Intégrer 12h00
1435,RE: Merci Intégrer 10h24
1436,RE: Merci Intégrer 9h57
1437,Merci Intégrer 08h12
1438,merci intégrer 16h09
1439,RE: Merci intégrer 16H32
1440,RE: Merci intégrer 16h00
1441,RE: Merci intégrer 15H28
1442,RE: Merci intégrer 15H04
1443,Merci intégrer 09h26
1444,RE: merci intégrer 08H23
1445,merci intégrer 15h47
1446,TR: Merci Intégrer 18h17
1447,RE: Merci Intégrer 9h14
1448,Merci Intégrer 07h54
1449,RE: Merci intégrer 14H44
1450,Merci Intégrer 08h48
1451,Merci Intégrer 08h23
1452,merci intégrer 08h44
1453,Extraction Requête
1454,Balance Déséquilibrée Mars 2022 - Evénement PP20-910 se déversant en comptabilité générale
1455,Extraction des OD
1456,ECART CLE BALANCE SOCAVER
1457,Extraction des OD
1458,Lettrage compte 419300
1459,Merci intégrer 15h01
1460,Extraction des OD
1461,Problème de machine
1462,Extraction des OD
1463,accès au Workflows mission
1464,merci intégrer 16h41
1465,ECART CLE BALANCE SOCAVER
1466,Extraction des OD
1467,Extraction des OD
1468,Mise à jour signature
1469,Réponse automatique : ERREUR DE DEPOT SAISIE EMBALLAGES CLIENT SEM
1470,ANR TT CATRAL A METTRE A JOUR
1471,Correction automatique TPG10P au 008
1472,REINITIALISATION COMPTE
1473,Intégration nouveau serveur DI dans la salle serveur usine Garoua
1474,Activation code
1475,Activation code
1476,EXP PHN CHC50B
1477,OD STATUT Anormale
1478,Plantage répétitif de l'unité centrale
1479,Plantage répétitif de l'unité centrale
1480,DOSSIER PARTAGE
1481,CREATION TEAMS
1482,TR: Affichage bloquant sur appareil pulse
1483,INCAPABLE DE VALIDER LES FACTURES BOJO
1484,PAS RESEAU M3 CC NDOKOTI
1485,Problème avec la messagerie de monsieur SOH Julio merlin
1486,FACTURE
1487,PAS D'ACESS WORKFLOW CESSION
1488,RE: FACTURE
1489,TR: GESTION DES IDENTITES MM MBALLA &amp; EBOLA
1490,DEMANDE ACTIVATION PROFILE EBOLA EKANGO
1491,Erreur du Nom DR
1492,Problème de Réception de mail
1493,RE: REMONTEES DES EDITIONS DES INVENTAIRES
1494,REMONTEES DES EDITIONS DES INVENTAIRES
1495,Instabilité de mon compte supply hotline
1496,Validation bloquée
1497,Problème de connexion à messagerie Outlook
1498,PERTURBATIONS DE RESEAU
1499,PERTURBATIONS RESEAU
1500,PROBLEMES ASSORTIMENT BRA50B
1501,Poste de numérisation des règlements
1502,Mails sans signature
1503,Poste de téléphone
1504,Transfert de dépôt
1505,ABSENCE DISQUE O ET P
1506,Je partage « Détail DN par client détaillant au 19 avril 2022 » avec vous
1507,Je partage « DN par client détaillant au 26 avril 2022 » avec vous
1508,Accès aux programmes dans INFOR
1509,service interne
1510,profil nouvelles recrues
1511,Articles sans PMP_20220418
1512,Poste de travail TCHAMBIA (TCHAMB04)
1513,RE: Demande de droit
1514,Licence Qlik
1515,Requête CAS180 à exécuter le 01/05/2022
1516,TR: Correction unités
1517,Réponse automatique : FACTURATION CASSES TRANSPORTEURS IMPOSSIBLE A CE NOUVEAU PRODUIT(BRA50B)
1518,Poste de travail TCHAMBIA (TCHAMB04)
1519,Rappel : Poste de travail TCHAMBIA (TCHAMB04)
1520,Analyse des écarts sur le workflow suivi des factures fournisseurs
1521,Mise en production du tableau de bord des encaissements
1522,Mise en production TDB encaissements digitalisés
1523,Poste de travail TCHAMB04
1524,TR: Accès Cadre
1525,Sauvegarde Mensuelle Paie d'Avril 2022
1526,Clôture de la paie d'Avril 2022
1527,interface M3 - Mars 2022
1528,Impossibilité d'accès à e-lions
1529,Impossibilité d'accès à la page de génération des quittances sur le site de la Cnps
1530,Autorisation d'absence
1531,Demande d'absence/sortie N° 5603
1532,Appels à l'extérieur
1533,Indisponibilité de e-lions
1534,Génération du fichier interface scenario
1535,Nom à compléter avec ''ROMUAL'' - 115452
1536,Ecart sur fiche suiveuse
1537,TR: AFFECTATION FAB (urgence svp)
1538,RE : Ecart sur VRF50 (Fûts VIDES de 50 L)
1539,Imprimante MU inopérante (Urgence svp)
1540,Impossibilité de réaliser transfert de PF vers CD Foumban à partir du dépôt PNC de l'Ouest
1541,Difficulté à établir une cession boisson sur Workflow
1542,Pulse ch134 hors service
1543,Demande de réception des messages groupes SABC et FILIALES
1544,je n'arrive pas à ouvrir e-lion
1545,Modification du supérieur hiérarchique
1546,IMPRIMANTE HORS SERVICE
1547,problème de connexion à DDI
1548,Dernière relance DDI et problème de PC
1549,problème de PC non résolu
1550,MON COMPTE DDI NEXISTE PAS MERCI DE ME VENIR EN AIDE
1551,early identifier : urgence signalée et dernière relance
1552,Bonjour les grands D depuis 45 mn toutes les saisies M3 que je fais
1553,Pas de connexion réseau internet et M3 à Maroua
1554,Problème de réseau sur imprimante NDOKUBM109
1555,IMPOSSIBILITE DE SCANNER DOCUMENTS
1556,Accès outlook.
1557,Non remontée des OA
1558,SUPPRESSION PIECES JOINTES
1559,FICHE DE GESTION DES IDENTITES SIHAKE
1560,Maîtrise des causes des écarts de stock OPT-M3:articles OptiMaint présents dans M3 en statut 10 au statut 20
1561,Maîtrise des causes des écarts de stock OPT-M3:articles OptiMaint présents dans M3 en statut 10 au statut 20
1562,ERREUR TYPE D'ORDRE OA 3295014
1563,Problème connexion Infor PPR
1564,Réinitialisation mot de passe AS400
1565,Infos fournisseurs DSS
1566,RE: parametrage M3
1567,NON REMONTEE DES OA
1568,Non remontée données production
1569,LES OA NE REMONTENT PAS DANS MON MAIL
1570,Agrément: POLYCLINIQUE IDIMED
1571,Demandes d'agrément en statut 41
1572,Bon de commande sans signature
1573,OA M. NDZINA
1574,Intégration appareil dans le NAC
1575,Fiche d'identité nouvel utilisateur
1576,Poste FOTOCK CMRUCT19070 en panne
1577,Fiches d'identité délégués du personnel SOCAVER
1578,TR: Occupation de la salle de réunion de Direction - Activation Port Wifi Salle de Réunion VIP SOCAVER
1579,Perte Téléphone - Reconduction puce
1580,Reconduction SIM FOGUE
1581,UC ne se connectent plus au réseau
1582,Impossible d'imprimer et photocopier sur SOCACFAO112
1583,Copieur Direction Socaver HS
1584,Mauvaise qualité d'impression Copieur SOCACFAO103
1585,IMPRIMANTE EN DEFAUT
1586,BLOCUS RECEPTION
1587,PROBLEME DE CONNEXION
1588,PROBLEME DE CONNEXION
1589,DEMANDE DE CODIFICATION
1590,Modification profil de validation
1591,Modification profil de validation
1592,UV6801	RECONSTRUCTION FOUR 1
1593,TV1157	MATERIEL MUSCULATION
1594,UV0084	KIT DE DÉVERSEMENT PDTS CHIMIQUES
1595,UVRMA30	BOUTEILLE MALT30 AM
1596,UV4051	INSTALLATION DES BARRIERES ELECTRIQUES
1597,UV1098	NOUVELLE SOUTIREUSE CHAINE 8
1598,Problème de réseau depuis ce matin
1599,PROJETS A CREER SEMC
1600,UV9301	CHAINES A PANIERS LAVEUSE BOUTEILLES CH5 BAF
1601,projets à créer SABC
1602,REQUETE 29/04/22
1603,Téléphone fixe indisponible
1604,INVESTS COMMERCIAL R1// REBRANDING FRIGOS
1605,Validation congés
1606,Suppression droits informatiques et retrait de la flotte entreprise
1607,TR: Manyan Connect Rapport par intervenant au 8 mars 2022
1608,RE: BAIE de commande des PC salle magasin produits finis
1609,lenteur du réseau
1610,Code à connecter au dépôt 004
1611,Code à connecter au dépôt 004
1612,paramétrage
1613,Workflow Absences-Sorties
1614,Accès à e-lion
1615,POSTE CMRUCT19068
1616,Pas d’accès à Outlook sur mon portable CMRLPT19181
1617,Automatic reply: Edition OA
1618,le statut
1619,DIFFICULTE A RETROUVER MES MESSAGES RECENTS;
1620,Envoyé à partir de l’outil Capture d’écran
1621,ACTIVATION WF CESSION BAR serv juridique centre DR CENTRE
1622,PARAMETRAGE NOUVEAU RECRU DANS WORKFLOW
1623,Problème réseau
1624,Non remontée données production
1625,Paramétrage au YAOUCFAO105
1626,Mise à jour Imprimante dans M3
1627,PAS D'EDITION
1628,NON REMONTEE DES M3 DANS LE MAIL
1629,LES M3 NE REMONTENT PAS DANS MON MAIL POUR EDITION
1630,FICHE DE GESTION DES IDENTITES.
1631,NON REMONTEES DES OA EDITES DANS LE MAIL.
1632,NON REMONTEE DES OA
1633,NON REMONTEE DES OP DANS LE MAIL
1634,FICHES DE GESTION DES IDENTITES
1635,LES OA NE REMONTENT PAS DANS MON MAIL
1636,TR: Etiquette non conforme
1637,Moules à mettre en rebut
1638,Nouveau numéro de vérification dans Outlook
1639,DROIT DEPOT 006
1640,CODIFICATION ET CONNECTION DANS DEPOT 005
1641,IMPOSSIBLE D'AVOIR LES TALONS PULSE
1642,Impossibilité à saisir les heures supplémentaires de mes éléments
1643,optimaint
1644,CONFIGURATION
1645,SIGNATURE
1646,M3.
1647,ONE DRIVE
1648,TEAMS
1649,CONFIGURATION
1650,URGENCE SUR LE POSTE CMRECR20131
1651,Nom du Validateur Incorrecte
1652,Non remontée des factures clients
1653,Difficultés d’accès à certains clients
1654,overture session DDI
1655,PANNE IMPRIMANTE MAG PF MLU YAOUNDE
1656,Dysfonctionnement du service MOS sur SOCAMOS101
1657,Defaut d'activation SE sur NDOKMOS101
1658,Déconnexion des serveurs SABCSQQQUAL101 et SABCSQQQUAL101 ce 25/04 depuis 17 h 12 mn
1659,Déconnexion du serveur BALILIMS201 ce 25/04 depuis 16 h 27 mn
1660,Deconnexion des equipements reseaux sur le site de FOUMBAN ce 09/04 depuis 18 h 24
1661,"Deconnexion des switchs SOCASWIT071,SOCASWIT052,SOCASWIT072,SOCASWIT051,ce 06/04 depuis 16h"
1662,Deconnexion des équipements réseaux sur le site de SAA ce 06/04 à 14 h 34 mn
1663,Deconnexion des équipements réseaux sur le site de KOUMASSI ce 22/04/2021 depuis 16 h 32 mn
1664,Deconnexion des équipements réseaux sur le site de ESEKA ce 30/04/2021 depuis 09h 06 mn
1665,Deconnexion du switch GAROSWITDI002 ce 07/04 à 14 h 49 mn
1666,Déconnexion du serveur S100FTSE104 ce 28/04 à 01 h 36 mn
1667,Deconnexion des équipements réseaux sur le site de ESEKA ce 04/04 à 05 h 11 mn
1668,Déconnexion du serveur KOUMBI001 ce 27/04 à 12 h 31 mn
1669,Deconnexion SIACDOMC002 depuis 12h47 mn ce 11/04
1670,Déconnexion des équipements réseaux sur le site de BAFIA ce 01/04 à 05 h 49 mn
1671,Anomalie sur SERVER VIEW
1672,Indisponibilité lecteur biometrique BALIACS001
1673,Indisponibilité du lien MPLS de KUMBA ce 03/04 à 05 h 09 mn
1674,Déconnexion des équipements réseaux sur le site de MBOUDA ce 07/04 à 21 h 45 mn
1675,Deconnexion des equipements reseaux sur le site de ESEKA ce 01/04 à 05 h 30 mn
1676,Deconnexion de SABCMOS104 ce 23/04 à 10 h 31
1677,Indisponibilité des deux liaisons réseaux et des équipements informatiques à FOUMBAN ce 12/04 à 13 h 53 mn
1678,Déconnexion du lien MPLS du site de MBOUDA (06/04 à 17 h 37 MN )
1679,Déconnexion des liens MPLS des sites de OMBE (10/04 à 12 h 39 mn ) et MBOUDA ( 11/04 à 08 h 04 mn)
1680,Dysfonctionnement réplication I5
1681,Deconnexion des équipements réseaux sur le site de EBOLOWA ce 14/04 depuis 08 h 15
1682,Déconnexion du switch NDOKSWIT141 ce 20/04 à 05 h 51 mn
1683,Déconnexion du lien MPLS du site de SANGMELIMA (01/04 à 23 h 36 MN )
1684,Forte Instabilité des liens FO_OCMS et FH avec le site de EBOLOWA depuis 09 h ce 14/04
1685,Déconnexion du détecteur de température BONATHERM001 ce 25/04 à 20 h 27 mn
1686,Déconnexion du lien MPLS du site de FOUMBAN (22/03 à 15 h 48 MN )
1687,Deconnexion du lien MPLS du site OMBE ce 25/04 depuis 20 h 20 mn
1688,"Deconnexion des switchs NDOKSWIT130, NDOKSWIT100,NDOKSWIT130 ce 11/04 12 h 41 mn"
1689,Déconnexion du lien OCMS_FH et FO du site de BAMENDA ce 29/04 depuis 11 h 52 mn
1690,Deconnexion du lien MPLS du site d'AKONOLINGA ce 19/04 depuis 21 h 53 mn
1691,Déconnexion du détecteur de température BONATHERM001 ce 22/04 à 17 h 10 mn
1692,Grande instabilité du lien MPLS du site de BAMENDA ce 28/04 depuis 06 H 40 mn
1693,Déconnexion du lien MPLS du site de MAROUA ce 29/03 depuis 02 h 37 mn
1694,Indisponibilité lecteur biométrique BALIACS001 ce 27/04 à 09 h 41 mn
1695,Echec de generation du rapport de sauvegarde VEEAM pour la journée du 08/04/22
1696,Paramétrage Claim
1697,la rubrique paie(consultation bulletin) inexistant dans la GED
1698,Demande de réinitialisation mot de passe windows
1699,DEMANDE DE CODIFICATION BACHE ALIMENTAIRE CHAUDIERE + COMPRESSEUR ATLAS COPCO ZE2
1700,EDITION OA
1701,COUR DU DOLLAR
1702,ADRESSE TRESORERIE
1703,DROIT NGON EMMANUEL
1704,COUR DU DOLLAR
1705,COUR DU DOLLAR
1706,COUR DU DOLLAR
1707,COUR DU DOLLAR
1708,COUR DU DOLLAR
1709,COUR DU DOLLAR
1710,COUR DU DOLLAR
1711,COUR DU DOLLAR
1712,COUR DU DOLLAR
1713,COUR DU DOLLAR
1714,COUR DU DOLLAR
1715,COUR DU DOLLAR
1716,COUR DU DOLLAR
1717,COUR DU DOLLAR
1718,COUR DU DOLLAR
1719,COUR DU DOLLAR
1720,COUR DU DOLLAR
1721,COURS USD DU 19.04.2022
1722,PERTURBATION
1723,Non accessibilité M3
1724,M3
1725,RE: Demandes des heurs sup
1726,Demandes des heurs sup
1727,TR: Demande d'Heures Supplémentaires No 20782
1728,Indisponibilité états BALIBO102
1729,Demande correction SITE et DIRECTION de mon WORKLOW ORDRE DE MISSION : REGION DU CENTRE et non REGION DU LITTORAL
1730,Soucis de connexion au réseau SABC
1731,FORMATION EN CONDUITE DEFENSIVE EN LIGNE
1732,RE: FORMATION EN CONDUITE DEFENSIVE EN LIGNE
1733,Mise à jour workflow Autorisation d' Absence
1734,problème connexion
1735,problème de connexion
1736,problème connexion
1737,CONNEXION DEPOT 310
1738,Connection à E LEADER
1739,Bonsoirs Mrs je souhaiterais consulter mes bulletins de paie dans la GED sans succès.
1740,code projet TFDAF03
1741,code projet TV9017
1742,CODE PROJET TV9014
1743,CODE ¨PROJET TV9008
1744,FSSEUR FS00432
1745,OA 3291258 à problème
1746,fsseur FS00185
1747,fsseur FS00488
1748,OA 3288292 à problème
1749,fsseur FD00113
1750,OA 3295031 à problème
1751,OA 3292246 à problème
1752,OA 3243737 à problème
1753,OA 3292521 à problème
1754,FSSEUR FM00920
1755,OA 3294462 à problème
1756,oa 3292521 à problèma
1757,fsseur FS00508
1758,erreur application suite office
1759,problème de machine CMRLPT19048
1760,vérification du bon fonctionnement du KIT de visioconférence à la salle d'intégrité
1761,dysfonctionnement de notre copieur
1762,Sérieux et récurrents problèmes d'affichage d'horaire sur panneau salles de réunions
1763,Paramétrage e-lions
1764,Paramétrage e-lion
1765,Connexion internet bureau
1766,Connexion internet bureau
1767,Balance des comptes_extraction multiple - rajout 028 -201-203
1768,Impossibilité d'ouvrir les programmes dans M3
1769,Telephone non fonctionnel CMRTLI12073
1770,PARAMETRAGE EDITIONS M3 SUR BERTUBM102
1771,PARAMETRAGE EDITIONS M3 SUR BERTUBM103
1772,problème avec le programme ARS500.
1773,RE: Centre de services - DSI | Ticket N° : 0246925 | Résolution de votre ticket : Paramétrage WCO30C
1774,Paramétrage WCO30C
1775,sourie HS
1776,difficulté à faire les worflows
1777,DIFFICULTE A EDITER LES ACARTS D'INVENTAIRE
1778,RE: Demande d'emballages
1779,VALIDATION FACTURES DANS WORKFLOW
1780,INDISPONIBILITE M3
1781,JE ne parviens a imprimer depuis 1 semaine
1782,IMPOSSIBILITE DE CONNEXION .
1783,DATE CODES PROJETS TV1034 ET TV1037 A PROROGER
1784,CODES PROJETS TV1030 ET 1032 A PROROGER
1785,DATE CODE PROJET TV1043 A PROROGER
1786,DATE CODES PROJETS TV0018 ET TV0019 A PROROGER
1787,Réponse automatique : Perturbation du réseau Workflows cession
1788,Indisponibilité switchs EFBC
1789,Connexion à BALIBO102
1790,BALIBO ce matin
1791,Accès à BALIBO102
1792,Défaut d'ouverture Outlook
1793,PROBLEME CONNEXION IMPRIMENTE SIACUBM105
1794,"Indisponibilité des liaisons MPLS sur les sites SOCAVER , OMBE et NDOKOTI"
1795,Problème d'édition
1796,Indisponibilité de la liaison OCMS_FH sur le site de SAA
1797,Indisponibilité lecteur biométrique NDOKACS010
1798,"Indisponibilité des liaisons réseaux OCMS , MPLS et des équipements informatiques de SEMC"
1799,Indisponibilité des liaisons OCMS_FH et FO de LOUM
1800,Indisponibilité des équipements informatiques sur le site d' OLEMBE
1801,Indisponibilité de la liaison OCMS_FH à OMBE
1802,Indisponibilité des liaisons MPLS à OMBE
1803,Indisponibilité de la liaison MPLS de BERTOUA
1804,Dysfonctionnement Collecteur
1805,Indisponibilité des deux liaisons OCMS et OCMS_L3 du site de DJEUGA
1806,Indisponibilité BALIBO101
1807,Indisponibilité des deux liaisons réseaux et des équipements informatiques à FOUMBAN
1808,Indisponibilité de la liaison MPLS à KUMBA
1809,Indisponibilité de la liaison OCMS_FH sur le site de DSCHANG
1810,Indisponibilité de la liaison MPLS Bafoussam
1811,Edition non remontés
1812,Imprimante KOUM112 non fonctionnelle
1813,signature
1814,E-Lions
1815,Work Flow absences et sorties non fonctionnel
1816,Absence des valeurs sur l'état journalier
1817,Etat journalier
1818,Verification identité Microsoft
1819,Accès au portail BI
1820,PARAMETRAGE MBARGA
1821,Impossibilité de soumettre un WF cession.
1822,PAS D'ASSORTIMENT
1823,Accès M3
1824,ANNULATION OA 3278248
1825,OA 3293222
1826,CONNEXION ARTICLE
1827,mauvaise qualité d'impression
1828,DA 3146816 non deverser ds M3
1829,merci de debloquer l'emetteur FOKO01
1830,DISFONCTIONNEMENT PONT BASCUL N° 2
1831,OP frais de vie
1832,PROFIL TAWASSI A CONFIGURER
1833,DIFFICULTE A SUPPRIMER CET OD
1834,NON REMONTEE DANS OUTLOOK INVENTAIRE N° 867797 PALETTES
1835,NON EDITIONS DES DOCUMENTS DE CAISSE ET DES OA
1836,INVENTAIRE BLOQUE EN STATUT 60
1837,RE: Centre de services - DSI | Ticket N° : 0247589 | Résolution de votre ticket : INVENTAIRE BLOQUE EN STATUT 60
1838,NON REMONTEES DES INVENTAIRES DU 01/04/2022
1839,Arrêt du GE pour entretien préventif CD SA'A le 05/04/2022.
1840,Arrêt du GE pour entretien préventif CD SA'A le 01/04/2022.
1841,Arrêt du GE pour Révision CD SA'A ce 30/04/2022.
1842,Arrêt du GE pour entretien préventif CD SA'A le 04/04/2022.
1843,Arrêt du GE pour entretien préventif CD SA'A le 19/04/2022.
1844,Arrêt du GE pour entretien préventif CD SA'A le 26/04/2022.
1845,CHAINE DE VALIDATION OA
1846,DOCUBASE
1847,PAS DE EDITION A CD NKONGSAMBA
1848,Boite pleine
1849,PAS DE MOUVEMENT DANS LE COMPTE DISTRIBUTEUR KTM
1850,INACCESSIBILITE RESEAU M3 AU CD MBALMAYO
1851,PRESENCE EMB GAZ BUTANE DANS L'INVENTAIRE EMBALLAGES au 055 Mbalmayo
1852,DEMANDE DE PROFIL DANS CLAIM
1853,PRESENCE EMB GAZ BUTANE DANS L'INVENTAIRE EMBALLAGES au 055 Mbalmayo
1854,NON REMONTEE DE BON AVOIR RETOUR EMBALLAGE N0 1004063700
1855,Pb d'edition des listes de PRELEVEMENT
1856,COQUILLE A SUPPRIMER
1857,EXCEDENT ORANGE MONEY
1858,M3 BLOQUE .
1859,PB d'impression
1860,Pb d'accès dans M3
1861,Connexion impossible sur Microsoft teams
1862,Pb de comptabilisation
1863,Pb d'édition inventaire
1864,RE: Cessions bloquées pour assortiments
1865,Pb d'accès wf cession
1866,INACCESSIBILITE RESEAU M3 AU CD EBOLOWA
1867,FICHE DE GESTION DES IDENTITEES
1868,PRESENCE EMB GAZ BUTANE DANS L'INVENTAIRE EMBALLAGES au 056 CD EBOLOWA
1869,INACCESSIBILITE RESEAU M3 AU CD EBOLOWA
1870,NON REMONTE REMISE EN BANQUE
1871,REMISE EN BANQUE
1872,PARAMETRAGE SUR L'IMPRIMANTE BAMEUMB102
1873,M3 INACCESSIBIBLE
1874,NON REMONTES DES MONTANT DANS LA REMISE
1875,ENVOI MAILS
1876,RELANCE: TRANSFERT DES REMISES MOMO EN BANQUE
1877,ACCES E-LIONS
1878,MESSAGERIE OUTLOOK ASHU William BESONG Blocque
1879,VALIDATEUR OU COMPTE CESSION
1880,ACCES E-LIONS
1881,PANNE IMPRIMANTE
1882,MANQUE D'EDITION
1883,PAS D'ASSORTIMENT
1884,PAS D'EDITION FACTURE N°1004074185
1885,RE: MAUVAIS CONDITIONNEMENT DES CARTON BEAUFORT LAGER BOITE 50
1886,ABSENCE D'EDITION M3
1887,PERTE DROITS UTILISATEUR
1888,PB e-lion
1889,RE: INVENTAIRES AU STATUT INTERMEDIAIRE
1890,Demande autorisation d'Absence-CDQ NYANGA
1891,Problème d'édition bureautique / plateforme PULSE
1892,EI inventaire non pris en compte dans le système
1893,TEAMS
1894,problème de batterie
1895,teams
1896,outlook
1897,GED
1898,SIGNATURE
1899,ONE DRIVE
1900,E-lions
1901,problème avec mon mail
1902,Accès direct à BONAAPPS001
1903,Modification ligne téléphonique
1904,RE: TRAVAIL DANS M3 ENVIRONNEMENT FORMATION
1905,Accès profil control01
1906,accès profil control01
1907,RUPTURE DE CONTRAT DE Mme PETNGA et MM. ARREY et BUOSSE
1908,Commande de cartouches d'encre pour Bonaberi (UBM)
1909,Commande consommable pour Ndokoti (UBM)
1910,CHANGEMENT SIM OU RECONDUCTION DE N° 655 65 48 10 NINTEDEM
1911,Reconduction de ma puce de la flotte grillée : 6 99 31 09 84 Njocke
1912,RECONDUCTION SIM CVL FOADJO 691 149 752
1913,Problème connectivité sur 656073812
1914,Problèm de connectivité sur 656 40 77 58
1915,CHANGEMENT SIM OU RECONDUCTION DE N° 6 941 884 442 AMBE
1916,CHANGEMENT SIM OU RECONDUCTION DE N° Eric Louis DJOMKOUE
1917,CHANGEMENT SIM OU RECONDUCTION DE N° 697 178 818 TALELE
1918,Configuration poste téléphonique
1919,Problème d'impression sur BONAUBM103
1920,Dysfoctonnement téléphonie
1921,remise en service des lignes téléphoniques sur le site de Ndokoti
1922,Remplacement de la cartouche d'encre noire
1923,Telephone fixe en panne
1924,Outlook
1925,ouverture TV8406
1926,TV8402 OUVERTURE SUR AVRIL 2022
1927,QV4013
1928,QV8401 OUVERTURE SUR AVRIL 2022
1929,TV3076 OUVERTURE SUR avril 2022
1930,OUVERTURE CODE TV4042 SUR AVRIL 2022
1931,TV8303 OUVERTURE SUR AVIRL 2022
1932,ouverture projet TV4035 sur avril 2022
1933,CODE PROJET SUR 2022
1934,TV4037
1935,RE: Changement de numéro de téléphone Calvin Innocent NGONGANG
1936,WF agrément FRS
1937,WF commande (urgent)
1938,RE: Demande des droits / profil: NGATTI01
1939,Demande des droits / profil: NGATTI01
1940,Accès aux programmes M3
1941,Imprimante magasin MPC en panne.
1942,Windows
1943,Pas d'accès à internet
1944,Help
1945,Capacité de stockage Outlook
1946,RE: Licence Qlikview
1947,Création profil
1948,Assistance pour faire évoluer Bon de commande dans le WF
1949,REmplacement Souris DJEDJOM Kalawe Brice
1950,Indisponibilité E-lions
1951,impossibilité d'accès a OUTLOOK
1952,problème d'impression à la DSI Combel
1953,disfonctionnement MFP CFAO couloir commercial
1954,Rappel : Formation Maintenance des relais de protection des réseaux électriques SEPAM.
1955,Réception OA.
1956,PARAMETRAGE POUR IMPRESSION EN COULEUR
1957,besoin de paramétrage sur PC
1958,Problème avec ma Signature
1959,RE: ACCES DOSSIER PARTAGE DCG
1960,RE: REQUETE 28/02/22
1961,ACCES DOSSIER PARTAGE DCG
1962,MAUVAIS PARAMETRAGE VALIDATEUR WF
1963,Dysfonctionnement Myperformance
1964,Licence visio sur le poste CMRLPT20099
1965,Epuisement Data
1966,Sauvegarde Données Archivage
1967,TR: Profil GED inactif
1968,RE : RE : RE : RE : RE : Impressions M3
1969,Inventaires bloqués
1970,EDITION M3
1971,fichier paie à copier sur le serveur
1972,Fichier à copier sur le serveur
1973,fichier à copier sur le serveur
1974,problème d'impression DF
1975,Bonjour Au secours....
1976,Paramétrage ordinateur pour Accès répertoire partagé de la Trésorerie
1977,Problème de connexion
1978,Messagerie
1979,RE: Bonjour Au secours....
1980,Intérim DG
1981,Centre de services - DSI | Ticket N°: 0246558 | Clôture de ticket: Paramétrage ordinateur
1982,Comme d habitude
1983,Problème d'accès E-lions
1984,Non-fonctionnement ELIONS
1985,Applications office non connectées sur mon PC
1986,OUTLOOK ne se met pas à jour
1987,BASCULEMENT SUR IMPRIMANTE Yaoucfao105
1988,BASCULEMENT SUR IMPRIMANTE Yaoucfao113
1989,RECONDUCTION_LITTORAL_LITTORAL 2
1990,Incident Outlook
1991,INCIDENT
1992,TELEPHONE
1993,INCIDENT
1994,INCIDENT
1995,INCIDENT
1996,GLPI
1997,RECONDUCTION_LITTORAL_LITTORAL 2
1998,RECONDUCTION_LITTORAL_LITTORAL 2
1999,GLPI
2000,RECONDUCTION_LITTORAL_LITTORAL 2
2001,RECONDUCTION_LITTORAL_LITTORAL 2
2002,RECONDUCTION_LITTORAL_LITTORAL 2
2003,RECONDUCTION_LITTORAL_LITTORAL 2
2004,E-LIONS
2005,PESEE A REMETTRE DANS LE TAMPON
2006,incident
2007,je n'arrive pas à imprimer
2008,ACCES REFUS A SABCFUT601 TEST
2009,WORKFLOW ABSENCE/SORTIE
2010,BLOCAGE DATE DE LIVRAISON CESSION BOISSONS
2011,ACCES A FUTURMASTER
2012,"J'ai un problème d'impression , d'ouverture de outlook et e-lion dans"
2013,OPTIMAINT
2014,Demande d'impression en couleur
2015,Groupe de Messagerie RIYA Roland
2016,Impressions couleurs
2017,FICHE DE GESTION DES IDENTITES
2018,CHANGEMENT SIM OU RECONDUCTION DE N°_NORD_GAROUA
2019,Réactivation N° CRM 656798665
2020,Besoin de Toner
2021,Panne Copieur Couleur SOUACFAO104
2022,CHANGEMENT SIM OU RECONDUCTION DE N°_NORD_MAROUA
2023,Refonte Annuaire Téléphonique interne Nord
2024,remplacer le numéro de téléphone 636365030 par le numéro 693452390 comme sur ma signature
2025,"erreur sur le centre de coût de cette commande, merci de changer CCXM200 par CCXINV"
2026,Plantage de l’ordinateur
2027,Impossibilité d'ouvrir E-lions
2028,déversement des comptabilisations VIA KYRIBA dans M3
2029,Non intégration des opérations M3 du 10/04/2022 dans KYRIBA
2030,TR: Publication automatique: de ICUBE@ADMIN de la fonction Journal des écritures comptables (CM_JNL-GL05)
2031,Comptabilisation auto des frais non déversée dans M3
2032,Intégration des opérations M3 du 16/04/2022 dans KYRIBA
2033,CHANGEMENT IMPRIMANTE.
2034,DROIT MODERN TRAIDE DEPOT 028
2035,VALIDATEUR NOTES DE FRAIS
2036,pas de remontée des écarts inventaires dans le mail
2037,PROBLEM EDITION BL
2038,besoin activation du compte scmext01 sur l'AS400
2039,activation du compte scmext01 sur l'AS400
2040,activation office 365 sur sabckpi101
2041,SBCBI102 indisponible
2042,mise à jour groupe diffusion
2043,mise à jour groupe uilisateurs LIMS
2044,mise à jour groupe utilisateur LIMS
2045,mise à jour groupe diffusion rapport LIMS
2046,réactivation compte scmext01 sur l'AS400
2047,besoin actication compte scmext01 sur l'as400
2048,impossible de se connecter à SABCBI102
2049,accès a Outlook
2050,Non remontée des scannes dans la messagerie
2051,PAS D'IMPRESSIONS
2052,Non remontée des scannes dans la messagerie
2053,PARAMETRAGE AQB05P
2054,EXPDT° EMB FONDJO
2055,OA 3292819
2056,OA3291694
2057,ACCES à M3
2058,imprimante
2059,outlook
2060,Bonjour TEAM difficultés d'accès aux service Outlook de MR Herve BOSSOMO OKON
2061,Incident
2062,PROBLEME D'EDITION IMPRIMANTE YAOUCFAO0102
2063,FACTURE NON REMONTEE
2064,Re: Etats Qlikview pas à jour
2065,Problème d'internet
2066,Serveur de fichier balifich002 saturé
2067,Demande de configuration de règle d'exception dans le serveur antivirus pour le fichier de gestion des sessions
2068,Droits pour les tests en PPRD M3
2069,Anomalie fiche de stock avec profil ATEBA
2070,Article sans emplacement
2071,Demande d'accès Au VPN
2072,Anomalie statut de l'article CPS_AENT_900
2073,Transfert de mes droits de Signature des factures et commande dans M3
2074,GROUPE TOUS
2075,je ne parviens à accéder à optimaint
2076,Configuration du profil de M. NJOCK SIMON BERTRAND
2077,création de profil
2078,Signature pas à jour
2079,outlook
2080,ACCES AU DEPOT 052 ET 820
2081,Serveurs infectés
2082,Mise à jour des bases antivirales sur Serveurs
2083,Serveurs infectés
2084,Audits QSE
2085,TR: Rapport contrôle - Sauvegarde données utilisateurs s16
2086,Requête pour suivi des habilitations M3
2087,Postes infectés - Siège
2088,Postes infectés - Socaver
2089,Serveurs infectés
2090,Postes infectés - Usine Koumassi
2091,Mise à jour des bases antivirales sur postes utilisateurs
2092,Difficultés à emettre une cession boisson
2093,RE: PROBLEME ASSORTIMENT XLO35P COMPTE 053T2212 - ACTION TERRAIN PEAGE ROUTIER
2094,PROBLEME ASSORTIMENT XLO35P COMPTE 053T2212 - ACTION TERRAIN PEAGE ROUTIER
2095,PROBLEME DE LOGIN DANS OPTIMAINT
2096,CONNEXION OPTIMAINT
2097,problème de recption commande dans OPTIMAINT (OA 3293366)
2098,CREATION MOT DE PASS
2099,Création profil
2100,WORFLOW
2101,WORFLOW
2102,RAPPORT MY BRASSERIE
2103,Dommage Afficheur de mon laptop
2104,AFFICHEUR EN PANNE
2105,Autorisation dans le dépôt 312
2106,DEMANDE DE CREATION CODE ARTICLE M3 ARTICLE PUB INSTITUTIONNEL SABC AG 2022
2107,DEMANDE DE CREATION CODE ARTICLE M3 ARTICLE CONSOM INFO
2108,DEMANDE DE CREATION CODE ARTICLE M3 SUPPORTS PUBLICITAIRES SABC
2109,DEMANDE DE CREATION CODE ARTICLE M3 SUPPORTS PUBLICITAIRES
2110,Droits d'accès GED pour consultation bulletin de paie TAKTSI01
2111,Reconduction SIM FLOTTE
2112,Accès internet
2113,Fiche des gestions d'identité M. ZOA
2114,Fiche de gestion des identités M. KUITCHE
2115,MEKA 02 A supprimer dans GRP_OUEST
2116,ODM avec validateur N+2 erroné
2117,Mis à jour AD
2118,Fiche des gestions d'identité M. ZOA
2119,Rattachement pièce jointe
2120,Création compte outlook SAME02 non crée
2121,Création user dans GLPI/OUEST
2122,Accès GED bulletins Paie EBELLE03
2123,CHANSIM CDS OBOUGOU &amp; TCHOUENKAM
2124,Reconduction N° flotte
2125,Intégration CCD FOUMBAN dans la flotte et FORFAIT TELEPHONIQUE
2126,Reconduction SIM Flotte SABC
2127,BAFOCFAO109 en panne
2128,BAFOCFAO110 en panne
2129,DYSFONCTIONNEMENT PAPERCUT IMPRIMANTE MU BAFOCFAO113
2130,Reconduction SIM FLOTTE EBWAKE EWANE
2131,Utilisateurs à créer dans GLPI/OUEST
2132,IMPRIMANTE EN PANNE CD FOUMBAN
2133,"BAFOCFAO113, Imprimante MU en panne"
2134,MAVIANCE REMISE 1001408 NON INTEGREE DANS KYRIBA
2135,Relvé pas à jour
2136,RELEVES ABSENTS DANS KYRIBA
2137,Relevé pas à jour
2138,Ecriture Nivellement en anomalie compte CMSAB_UBA77L
2139,REQUETE CHEQUES IMPAYES
2140,REQUETE ENCAISSEMENT CHEQUE AVEC NUMERO REMISE
2141,REQUETE CHEQUES IMPAYES
2142,REQUETE CHEQUES IMPAYES
2143,Flux à corriger
2144,Transaction comptable - (Transactions comptables générées pour J-1 - CM) (2).xls/ Décalage sur la destination du compte CMSEM_BAT06L
2145,Relevés pas à jour
2146,Problème de réception des mails
2147,Probleme de connexion a la messagerie OUTLOOK
2148,OPERATIONS SAISIES A TORT DANS LE JOURNAL TC_VIRE
2149,NATURE COMPTABLE DU CODE FLUX : +TRF_EM du compte CMSAB_UBA73L
2150,RE: RELEVES ABSENTS DANS KYRIBA
2151,rappel crédit flotte
2152,COMPTE UTILISATEUR TAWASSI EXPIRE
2153,ACCES IMPOSSIBLE A OPTIMAINT
2154,Paramétrage du partage de mes fichiers
2155,suppression des pièces jointes
2156,changement de signature
2157,signature
2158,poste téléphonique en dysfonctionnement
2159,impossibilité de saisir un OA dans INFOR
2160,impossibilité de travailler dans le logiciel VISIO
2161,Impression
2162,RE: Impression
2163,Statut OA
2164,Impression
2165,Blocage réception des OA dans OPTIMAINT
2166,RE: Blocage réception des OA dans OPTIMAINT
2167,Application OPTIMAINT
2168,RE: Impression OA
2169,Impression OA
2170,Blocage e-lions
2171,RE: Blocage
2172,Blocage sur traitement des OM
2173,Impression
2174,Enregistrement des fichiers
2175,Blocage
2176,Impression
2177,Blocage demande de mission
2178,Signature électronique
2179,Blocage e-lions
2180,RE: Ordre de mission N° 14002
2181,Application e-lions
2182,Connexion à e-lions
2183,Centre de services - DSI | Ticket N°: 0246591 | Clöture de ticket: PARAMETRAGE TPB35P
2184,Disfonctionnement Outlook
2185,TR: Centre de services - DSI | Ticket N° : 0247992 | Résolution de votre ticket : Disfonctionnement Outlook
2186,Disfonctionnement Outlook
2187,réseau indisponible
2188,DYSFONCTIONNEMNET DE LA CHAINE DE VALIDATION DANS e-lions
2189,RE: Requête de contrôle Compta industrielle - Mars 2022
2190,CODES PROJETS BLOQUES
2191,Préformes 33.8/Demande de mise à jour PMP
2192,Mise à jour PMP Bouchons
2193,CODES PROJET BLOQUE
2194,Mise à jour PMP Préformes
2195,Extraction des achats
2196,Extraction des consommations à fin Mars 2022
2197,DIFFICULTE A RECEPTIONNER LA COMMANDE IMPORT 20-06348/ OA:3203630
2198,PARAMETRAGE ARTICLE 99500686 EN CRS630 - SEG6
2199,Extraction des consommations à fin Mars 2022
2200,RECYCLAGE OA 3262975
2201,RECYCLAGE OA 3280923
2202,RECYCLAGE OA 3280923
2203,ECART CLE BALANCE SOCAVER
2204,ECART CLE BALANCE SOCAVER
2205,RECYCLAGE OA 3262975
2206,ECART CLE BALANCE SOCAVER
2207,PMP ARTICLES OPTIMAINT
2208,Variation coût standard 98603763 Préforme =====> Mise à jour PMP
2209,Pas d'accès à M3
2210,Non remontée des scan dans OUTLOOK
2211,Pas d'affichage et impression de document rattaché
2212,dépôt par defaut
2213,Bonjour hotline je n’arrive pas a ouvrir les programmes suivants pps30
2214,IMPRESSION SUR CMRUCT20082
2215,Messagerie Direction général
2216,poste téléphonique
2217,OUVERTURE DE EBRO DANS MON PROFIL
2218,INVENTAIRE BLOQUE AU STATUT 70
2219,INVENTAIRE AE5 BLOQUE AU STATUT 70
2220,RE: Paramétrage ordinateur
2221,WORK FLOW
2222,TR: Demande bon de sortie article publicité No 485
2223,EXTRACTION DU CODE FNP0322
2224,DATES CODES PROJET A PROROGER
2225,TR: EXTRACTION CODE FNP
2226,TR: EXTRACTION CODE FNP
2227,TIERS A LETTRER
2228,EXTRACTION CODE FNP
2229,ANR CATRAL
2230,TR: Attestation de non redevance
2231,Non redevance avril 2022
2232,TR: BESOIN COPIE ANR
2233,TR: EXTRACTION CODE FNP
2234,OA A CLÔTURER
2235,ECRITURES A LETTRER
2236,Classeur1.xlsx
2237,Inaccessibilité au programme de validation des OA
2238,Validation OA
2239,RE: Inaccessibilité au programme de validation des OA
2240,TR: Image écran validation des congés des collaborateurs
2241,DEVERSEMENT
2242,IMPOSSIBLE DE travailler sur TEAMS AVEC LAPTOP
2243,TR: probleme d impression a la caisse sabc reg centre
2244,NIU Madame TABE ERINIQUE
2245,ACCES A LA GEB
2246,Défaut validation factures WorkFlow
2247,Souci d'impression
2248,Mon labtop
2249,disfonctionnement de mon PC CMRLPT18039
2250,Taux de couverture annuelle MPC SABC; SOCAVER et SEMC - Non remontée des données - Relance
2251,Requête de contrôle Compta industrielle - Mars 2022
2252,PB lancement GLS215
2253,CODE PROJET TX3050 DEPASSE
2254,CODE PROJET TV8307 DEPASSE
2255,FACTURES A VALIDER
2256,VALIDATION DES FACTURES
2257,ANR FOURNISSEUR ETS GRANDE MERE (FN00211)
2258,Encaissement donc remise non remontée
2259,PROBLEME WF
2260,NON REMONTES DES MONTANT DANS LA REMISE
2261,FACTURE BLOQUEE
2262,Saisie de facture
2263,Ouverture Dépôt 057
2264,PAS D'EDITION
2265,Ces factures des autres sites qui continuent a arriver dans mon WF
2266,problème enregistrement pulse
2267,Ecart balance auxiliaire Vs balance générale au 31 03 2022
2268,RE: RECYCLAGE OA 3262975
2269,RE: TIERS A LETTRER
2270,MAUVAIS CONDITIONNEMENT DES CARTON BEAUFORT LAGER BOITE 50
2271,interface M3 - Mars 2022
2272,Lenteur de machine
2273,Problème de clavier
2274,Réponse automatique : Terminé : ''NOTE INTERIM M. HOT MONGO ADRIAN - M DJEDJOM BRICE ET M. BOUKAM BERTIN''
2275,actualisation de Profil fotie01
2276,Panne copieur SOCACFA117
2277,PROBLEME DANS INFOR
2278,TR: Ordre de mission N° 14072
2279,PROBLEME DE SAISIE DANS M3
2280,IMPRIMANTE EN PANNE
2281,DIFFICULTE D'ACCES A E-LIONS
2282,PROBLEME D'IMPRESSION DANS M3
2283,Problème d'impression OP / OA
2284,PANNE IMPRIMANTE OPEN SPACE DCM
2285,Réponse automatique : Blocage e-lions
2286,Re : [GO LIVE] Gestion des Congés Expatriés MoovApps - https://castel.process.moovapps.com/moovapps/easysite/workplace
2287,Editions des OA
2288,Accès à Elions
2289,Besoin de cartouches d'encre
2290,Creation profil GLPI
2291,Scan to mail
2292,OUTLOOK.OFFICE.NON FONCTIONNEL
2293,Impossible de valider le wokflow engagement du personnel
2294,demande accès données région littoral dans Kpitau
2295,compte cession cadre grisé
2296,demande accès données région littoral dans Kpitau
2297,Besoin de cartouche d'encre pour imprimante NDOKUBM114
2298,Activation Outlook
